exclude,partyabbrev,text,doc_id,party,partycolor,partyorder,corpus_line_id,heading_order,doc_line_id,sentence,doc_sentence_id,corpus_sentence_id,heading,paragraph,context_after,context_before,partyname_in_text
0.0,AfD,"Wir wenden uns gegen die negativen Auswirkungen eines weltweiten Preisdumpings zulasten von Umwelt, Mensch und Tier.",afd.txt,41953,blue,6.0,621.0,0.0,621.0,"Wir wenden uns gegen die negativen Auswirkungen eines weltweiten Preisdumpings zulasten von Umwelt, Mensch und Tier.",1094.0,1094.0,15.6 Stärkung der bäuerlichen Landwirtschaft,"Die AfD steht zur Förderung von landwirtschaftlichen Familienbetrieben und Genossenschaften. Die Globalisierung bewerten wir im Bereich der Landwirtschaft kritisch. Bürokratie und Überregulierung durch EU, Bund und Länder wollen wir abbauen. Wir wenden uns gegen die negativen Auswirkungen eines weltweiten Preisdumpings zulasten von Umwelt, Mensch und Tier. Unsere landwirtschaftlichen Familienbetriebe müssen wieder in die Lage versetzt werden, von ihrem Einkommen den sozialen Standard ihrer Familien zu sichern und Investitionen für den Weiterbestand ihres Hofs zu tätigen."," Unsere landwirtschaftlichen Familienbetriebe müssen wieder in die Lage versetzt werden, von ihrem Einkommen den sozialen Standard ihrer Familien zu sichern und Investitionen für den Weiterbestand ihres Hofs zu tätigen.","Die AfD steht zur Förderung von landwirtschaftlichen Familienbetrieben und Genossenschaften. Die Globalisierung bewerten wir im Bereich der Landwirtschaft kritisch. Bürokratie und Überregulierung durch EU, Bund und Länder wollen wir abbauen. ",FALSE
0.0,AfD,"Wir wollen sicherstellen, dass auch ländliche Regionen medizinisch gut versorgt sind und sich dort wieder mehr Ärzte niederlassen.",afd.txt,41953,blue,6.0,497.0,0.0,497.0,"Wir wollen sicherstellen, dass auch ländliche Regionen medizinisch gut versorgt sind und sich dort wieder mehr Ärzte niederlassen.",891.0,891.0,12.2 Ärztliche Versorgung auf dem Land sicherstellen,"Wir wollen sicherstellen, dass auch ländliche Regionen medizinisch gut versorgt sind und sich dort wieder mehr Ärzte niederlassen.",,,FALSE
0.0,AfD,"Wir wollen dazu beitragen, es für Ärzte attraktiver zu machen, sich wieder vermehrt auf dem Land niederzulassen.",afd.txt,41953,blue,6.0,496.0,0.0,496.0,"Wir wollen dazu beitragen, es für Ärzte attraktiver zu machen, sich wieder vermehrt auf dem Land niederzulassen.",889.0,889.0,12.2 Ärztliche Versorgung auf dem Land sicherstellen,"Die Arztsitze sind zwischen Stadt und Land ungleich verteilt. Niederlassungen auf dem Land sind häufig nicht attraktiv. Wir wollen dazu beitragen, es für Ärzte attraktiver zu machen, sich wieder vermehrt auf dem Land niederzulassen. Auch die Kommunen und Landkreise sowie die Bundesländer sind gefordert, Anreize zu schaffen."," Auch die Kommunen und Landkreise sowie die Bundesländer sind gefordert, Anreize zu schaffen.",Die Arztsitze sind zwischen Stadt und Land ungleich verteilt. Niederlassungen auf dem Land sind häufig nicht attraktiv. ,FALSE
0.0,AfD,"Wir lehnen jeglichen Familiennachzug für Flüchtlinge ab, da die deutschen Sozialsysteme diese Lasten nicht tragen können.",afd.txt,41953,blue,6.0,229.0,0.0,229.0,"Wir lehnen jeglichen Familiennachzug für Flüchtlinge ab, da die deutschen Sozialsysteme diese Lasten nicht tragen können.",442.0,442.0,5.7 Kein Familiennachzug in unsere Sozialsysteme,"Wir lehnen jeglichen Familiennachzug für Flüchtlinge ab, da die deutschen Sozialsysteme diese Lasten nicht tragen können.",,,FALSE
0.0,AfD,"Wir setzen uns für eine leistungsfähige, flächendeckende und möglichst wohnortnahe medizinische Versorgung für alle Bürger ein – im ambulanten wie im stationären Bereich.",afd.txt,41953,blue,6.0,492.0,0.0,492.0,"Wir setzen uns für eine leistungsfähige, flächendeckende und möglichst wohnortnahe medizinische Versorgung für alle Bürger ein – im ambulanten wie im stationären Bereich.",883.0,883.0,Unser Gesundheitssystem ist in Gefahr,"Wir setzen uns für eine leistungsfähige, flächendeckende und möglichst wohnortnahe medizinische Versorgung für alle Bürger ein – im ambulanten wie im stationären Bereich.",,,FALSE
0.0,AfD,"Wir wollen die Verbraucherorganisationen durch ausreichendes Stiftungskapital stärken, um ihre Unabhängigkeit zu erhalten.",afd.txt,41953,blue,6.0,614.0,0.0,614.0,"Wir wollen die Verbraucherorganisationen durch ausreichendes Stiftungskapital stärken, um ihre Unabhängigkeit zu erhalten.",1080.0,1080.0,15.4 Verbraucherschutz,"Die AfD setzt sich für vermehrte Produktprüfungen durch Stärkung der Gewerbeaufsicht ein und fordert eine transparente Kennzeichnung von Lebensmitteln mit verbraucherfreundlichen, genauen Angaben zu Herkunft, Inhaltsstoffen und Qualität. Wir wollen die Verbraucherorganisationen durch ausreichendes Stiftungskapital stärken, um ihre Unabhängigkeit zu erhalten.",,"Die AfD setzt sich für vermehrte Produktprüfungen durch Stärkung der Gewerbeaufsicht ein und fordert eine transparente Kennzeichnung von Lebensmitteln mit verbraucherfreundlichen, genauen Angaben zu Herkunft, Inhaltsstoffen und Qualität. ",FALSE
0.0,AfD,Wir unterstützen die Stärkung der ländlichen Infrastruktur.,afd.txt,41953,blue,6.0,596.0,0.0,596.0,Wir unterstützen die Stärkung der ländlichen Infrastruktur.,1049.0,1049.0,14.3 Den ländlichen Raum stärken,"Wir unterstützen die Stärkung der ländlichen Infrastruktur. Die dort lebenden Menschen haben einen Anspruch auf angemessene Infrastruktur, auch wenn die Besiedlungsdichte gering ist."," Die dort lebenden Menschen haben einen Anspruch auf angemessene Infrastruktur, auch wenn die Besiedlungsdichte gering ist.",,FALSE
0.0,AfD,"Wir bekennen uns zur umfassenden Bildung, die zur Entfaltung der Persönlichkeit sowie zur Wahrnehmung der staatsbürgerlichen Rechte und Pflichten notwendig ist.",afd.txt,41953,blue,6.0,323.0,0.0,323.0,"Wir bekennen uns zur umfassenden Bildung, die zur Entfaltung der Persönlichkeit sowie zur Wahrnehmung der staatsbürgerlichen Rechte und Pflichten notwendig ist.",600.0,600.0,Bildung und Schule: Mut zur Differenzierung,"Wir bekennen uns zur umfassenden Bildung, die zur Entfaltung der Persönlichkeit sowie zur Wahrnehmung der staatsbürgerlichen Rechte und Pflichten notwendig ist. Die Politik der etablierten Parteien, die eine nivellierende Einheitsschule anstrebt und dabei Qualitätsverlust in Kauf nimmt, bedroht die Zukunftschancen junger Menschen und somit auch die Konkurrenzfähigkeit unserer Wirtschaft."," Die Politik der etablierten Parteien, die eine nivellierende Einheitsschule anstrebt und dabei Qualitätsverlust in Kauf nimmt, bedroht die Zukunftschancen junger Menschen und somit auch die Konkurrenzfähigkeit unserer Wirtschaft.",,FALSE
0.0,AfD,"Wir wollen dem Volk das Recht geben, den Abgeordneten auf die Finger zu schauen und vom Parlament beschlossene Gesetze zu ändern oder abzulehnen.",afd.txt,41953,blue,6.0,17.0,0.0,17.0,"Wir wollen dem Volk das Recht geben, den Abgeordneten auf die Finger zu schauen und vom Parlament beschlossene Gesetze zu ändern oder abzulehnen.",39.0,39.0,1.4 Volksabstimmungen nach Schweizer Vorbild,"Wir wollen dem Volk das Recht geben, den Abgeordneten auf die Finger zu schauen und vom Parlament beschlossene Gesetze zu ändern oder abzulehnen. Dies würde in kürzester Zeit die Flut der oftmals unsinnigen Gesetzesvorlagen nachhaltig eindämmen und die Parlamente zu sorgfältigerer Arbeit zwingen. Ein mäßigender Einfluss auf Beschlüsse der Abgeordneten in eigener Sache – etwa Diäten-, Fraktions- und Parteienfinanzierung und die Finanzierung von „parteinahen"" Stiftungen – wäre dadurch gewährleistet. Das Volk soll auch die Möglichkeit erhalten, eigene Gesetzesinitiativen einzubringen und per Volksabstimmung zu beschließen."," Dies würde in kürzester Zeit die Flut der oftmals unsinnigen Gesetzesvorlagen nachhaltig eindämmen und die Parlamente zu sorgfältigerer Arbeit zwingen. Ein mäßigender Einfluss auf Beschlüsse der Abgeordneten in eigener Sache – etwa Diäten-, Fraktions- und Parteienfinanzierung und die Finanzierung von „parteinahen"" Stiftungen – wäre dadurch gewährleistet. Das Volk soll auch die Möglichkeit erhalten, eigene Gesetzesinitiativen einzubringen und per Volksabstimmung zu beschließen.",,FALSE
0.0,AfD,"Wir fordern eine ersatzlose Streichung des § 4a Abs. 2 Nr. 2 TierSchG. Länder wie Schweden, Niederlande, Schweiz, Polen, Norwegen, Island, Liechtenstein und Dänemark sind für uns in dieser Hinsicht Vorbild.",afd.txt,41953,blue,6.0,619.0,0.0,619.0,"Wir fordern eine ersatzlose Streichung des § 4a Abs. 2 Nr. 2 TierSchG. Länder wie Schweden, Niederlande, Schweiz, Polen, Norwegen, Island, Liechtenstein und Dänemark sind für uns in dieser Hinsicht Vorbild.",1089.0,1089.0,15.5 Tierschutz: Tierquälerisches Schlachten verbieten,"Wir fordern eine ersatzlose Streichung des § 4a Abs. 2 Nr. 2 TierSchG. Länder wie Schweden, Niederlande, Schweiz, Polen, Norwegen, Island, Liechtenstein und Dänemark sind für uns in dieser Hinsicht Vorbild.",,,FALSE
0.0,CDU/CSU,"Wir stehen zur Bundeswehr, ihren Soldatinnen und Soldaten und ihren Zivilangestellten, und werden dafür sorgen, dass sie ihre Aufgaben auch künftig erfüllen kann in den Einsätzen weltweit, bei der Bündnis- und Landesverteidigung und bei Unterstützungs- und Hilfsmaßnahmen in der Heimat.",union.txt,41521,black,1.0,4511.0,0.0,461.0,"Wir stehen zur Bundeswehr, ihren Soldatinnen und Soldaten und ihren Zivilangestellten, und werden dafür sorgen, dass sie ihre Aufgaben auch künftig erfüllen kann in den Einsätzen weltweit, bei der Bündnis- und Landesverteidigung und bei Unterstützungs- und Hilfsmaßnahmen in der Heimat.",1155.0,14852.0,Bundeswehr als Garant unserer Sicherheit,"- Seit über 60 Jahren ist die Bundeswehr der Garant unserer äußeren Sicher? Aufgrund ihrer hohen Einsatzbereitschaft, ihrer Professionalität und ihrer Menschlichkeit hat sie sich höchste Anerkennung im In- und Ausland erworben. Wir stehen zur Bundeswehr, ihren Soldatinnen und Soldaten und ihren Zivilangestellten, und werden dafür sorgen, dass sie ihre Aufgaben auch künftig erfüllen kann in den Einsätzen weltweit, bei der Bündnis- und Landesverteidigung und bei Unterstützungs- und Hilfsmaßnahmen in der Heimat.",,"- Seit über 60 Jahren ist die Bundeswehr der Garant unserer äußeren Sicher? Aufgrund ihrer hohen Einsatzbereitschaft, ihrer Professionalität und ihrer Menschlichkeit hat sie sich höchste Anerkennung im In- und Ausland erworben. ",FALSE
0.0,CDU/CSU,"Wir haben gezeigt, dass wir gut regieren können.",union.txt,41521,black,1.0,4084.0,0.0,34.0,"Wir haben gezeigt, dass wir gut regieren können.",102.0,13799.0,Verantwortung für Deutschland,"Wir haben gezeigt, dass wir gut regieren können. Das wissen die Bürgerinnen und Bürger, und deshalb vertrauen sie uns bei der Lösung der drängenden Zukunftsfragen. Diesem Vertrauen wollen wir weiter gerecht werden."," Das wissen die Bürgerinnen und Bürger, und deshalb vertrauen sie uns bei der Lösung der drängenden Zukunftsfragen. Diesem Vertrauen wollen wir weiter gerecht werden.",,FALSE
0.0,CDU/CSU,Wir haben darum ein fundamentales sicherheitspolitisches Interesse an einem starken und verlässlichen Partner USA.,union.txt,41521,black,1.0,4507.0,0.0,457.0,Wir haben darum ein fundamentales sicherheitspolitisches Interesse an einem starken und verlässlichen Partner USA.,1147.0,14844.0,Deutschlands Rolle in der Welt,"Die USA sind und bleiben unser wichtigster außereuropäischer Partner. Wir verdanken ihnen viel: Ihr Vertrauen und ihre Unterstützung nach dem Zweiten Weltkrieg haben Deutschlands Weg zurück in die Familie der freien demokratischen Nationen und die deutsche Wiedervereinigung erst ermöglicht. Und auch angesichts der zukünftig absehbaren Herausforderungen verbinden uns Europäer gemeinsame Werte mit unseren nordamerikanischen Partnern enger, stärker und haltbarer als mit irgendeiner anderen Region der Welt. Wir haben darum ein fundamentales sicherheitspolitisches Interesse an einem starken und verlässlichen Partner USA.",,"Die USA sind und bleiben unser wichtigster außereuropäischer Partner. Wir verdanken ihnen viel: Ihr Vertrauen und ihre Unterstützung nach dem Zweiten Weltkrieg haben Deutschlands Weg zurück in die Familie der freien demokratischen Nationen und die deutsche Wiedervereinigung erst ermöglicht. Und auch angesichts der zukünftig absehbaren Herausforderungen verbinden uns Europäer gemeinsame Werte mit unseren nordamerikanischen Partnern enger, stärker und haltbarer als mit irgendeiner anderen Region der Welt. ",FALSE
0.0,CDU/CSU,"Wir wollen, dass die Arbeit stärker als bisher zu den Menschen kommt.",union.txt,41521,black,1.0,4218.0,0.0,168.0,"Wir wollen, dass die Arbeit stärker als bisher zu den Menschen kommt.",509.0,14206.0,Ländliche Räume fördern und stärken,"- Wir wollen eine Dezentralisierungsstrategie. Zur Erhöhung der Attraktivität ländlicher Räume ist die Errichtung von Behörden, Schulen, Hochschulen und Forschungseinrichtungen in der Fläche ein geeignetes Instrument. Dies haben die Erfahrungen in Bayern eindrucksvoll bewiesen. Wir wollen, dass die Arbeit stärker als bisher zu den Menschen kommt. Dies gilt insbesondere auch für ländliche Regionen in den neuen Bundesländern.", Dies gilt insbesondere auch für ländliche Regionen in den neuen Bundesländern.,"- Wir wollen eine Dezentralisierungsstrategie. Zur Erhöhung der Attraktivität ländlicher Räume ist die Errichtung von Behörden, Schulen, Hochschulen und Forschungseinrichtungen in der Fläche ein geeignetes Instrument. Dies haben die Erfahrungen in Bayern eindrucksvoll bewiesen. ",FALSE
0.0,CDU/CSU,Wir werden in hochqualifiziertes Personal und Spitzentechnologie investieren.,union.txt,41521,black,1.0,4514.0,0.0,464.0,Wir werden in hochqualifiziertes Personal und Spitzentechnologie investieren.,1162.0,14859.0,Bundeswehr als Garant unserer Sicherheit,"- Damit die Bundeswehr ihren Beitrag für die Cybersicherheit unseres Land leisten kann, haben wir ein neues Cyberkommando mit einem eigenen Cyberinspekteur aufgestellt. Wir werden in hochqualifiziertes Personal und Spitzentechnologie investieren. IT-Sicherheit und Cyber-Defence müssen ins Zentrum von Forschung und Strategie rücken. Der Ausbau der Universität der Bundeswehr in München als zentrale Forschungsstelle für Cybersicherheit muss weiter vorangetrieben werden. Die Bundeswehr muss ihre Fähigkeit zu Computer-Netzwerk-Operationen weiter ausbauen und offensive Cyber-Fähigkeiten in ihrem Fähigkeitsspektrum verankern.", IT-Sicherheit und Cyber-Defence müssen ins Zentrum von Forschung und Strategie rücken. Der Ausbau der Universität der Bundeswehr in München als zentrale Forschungsstelle für Cybersicherheit muss weiter vorangetrieben werden. Die Bundeswehr muss ihre Fähigkeit zu Computer-Netzwerk-Operationen weiter ausbauen und offensive Cyber-Fähigkeiten in ihrem Fähigkeitsspektrum verankern.,"- Damit die Bundeswehr ihren Beitrag für die Cybersicherheit unseres Land leisten kann, haben wir ein neues Cyberkommando mit einem eigenen Cyberinspekteur aufgestellt. ",FALSE
0.0,CDU/CSU,"Wir werden noch im 1. Halbjahr 2018 auf einem „Wohnungsgipfel"" von Bund, Ländern, Gemeinden, Bau- und Immobilienwirtschaft verbindliche Festlegungen aller Beteiligten herbeiführen.",union.txt,41521,black,1.0,4299.0,0.0,249.0,"Wir werden noch im 1. Halbjahr 2018 auf einem „Wohnungsgipfel"" von Bund, Ländern, Gemeinden, Bau- und Immobilienwirtschaft verbindliche Festlegungen aller Beteiligten herbeiführen.",685.0,14382.0,Eigentum und Wohnraum für alle,"Wir werden noch im 1. Halbjahr 2018 auf einem „Wohnungsgipfel"" von Bund, Ländern, Gemeinden, Bau- und Immobilienwirtschaft verbindliche Festlegungen aller Beteiligten herbeiführen.",,,FALSE
0.0,CDU/CSU,"Wir werden die Schaffung „Ärztlicher Versorgungszentren"" fördern.",union.txt,41521,black,1.0,4217.0,0.0,167.0,"Wir werden die Schaffung „Ärztlicher Versorgungszentren"" fördern.",504.0,14201.0,Ländliche Räume fördern und stärken,"- CDU und CSU werden die ausreichende ärztliche Versorgung in ländlichen Räumen absichern. Dazu gehören auch der Erhalt von Pflegeeinrichtungen und Krankenhäusern, die schnelle Verfügbarkeit von Notfallmedizin sowie die Versorgung mit Angeboten der Geburtshilfe und mit Hebammen, auch bei der Geburtsvorsorge und -nachsorge. Wir werden die Schaffung „Ärztlicher Versorgungszentren"" fördern. Bei der Studienplatzvergabe im Fach Medizin sollen die Interessen des ländlichen Raums besonders berücksichtigt werden.", Bei der Studienplatzvergabe im Fach Medizin sollen die Interessen des ländlichen Raums besonders berücksichtigt werden.,"- CDU und CSU werden die ausreichende ärztliche Versorgung in ländlichen Räumen absichern. Dazu gehören auch der Erhalt von Pflegeeinrichtungen und Krankenhäusern, die schnelle Verfügbarkeit von Notfallmedizin sowie die Versorgung mit Angeboten der Geburtshilfe und mit Hebammen, auch bei der Geburtsvorsorge und -nachsorge. ",FALSE
0.0,CDU/CSU,"Wir wollen, dass sich mehr Menschen zu Engagement in Vereinen und Organisationen bereitfinden, insbesondere Jugendliche.",union.txt,41521,black,1.0,4568.0,0.0,518.0,"Wir wollen, dass sich mehr Menschen zu Engagement in Vereinen und Organisationen bereitfinden, insbesondere Jugendliche.",1291.0,14988.0,Ehrenamt und Sport,"Deshalb wollen wir eine Kultur des Respekts und der Aufmerksamkeit für alle erreichen, die sich in den Dienst der Allgemeinheit stellen. Wir wollen, dass sich mehr Menschen zu Engagement in Vereinen und Organisationen bereitfinden, insbesondere Jugendliche.",,"Deshalb wollen wir eine Kultur des Respekts und der Aufmerksamkeit für alle erreichen, die sich in den Dienst der Allgemeinheit stellen. ",FALSE
0.0,CDU/CSU,"Wir werden prüfen, inwieweit  durch  die  Abschaffung  überflüssiger  Vorschriften Kostensenkungspotenziale erschlossen werden können.",union.txt,41521,black,1.0,4291.0,0.0,241.0,"Wir werden prüfen, inwieweit  durch  die  Abschaffung  überflüssiger  Vorschriften Kostensenkungspotenziale erschlossen werden können.",670.0,14367.0,Eigentum und Wohnraum für alle,"- Wir werden in der kommenden Wahlperiode keine Maßnahmen beschließen, die die Schaffung von Wohnraum zusätzlich verteuern. Wir werden prüfen, inwieweit  durch  die  Abschaffung  überflüssiger  Vorschriften Kostensenkungspotenziale erschlossen werden können.",,"- Wir werden in der kommenden Wahlperiode keine Maßnahmen beschließen, die die Schaffung von Wohnraum zusätzlich verteuern. ",FALSE
0.0,CDU/CSU,"Wir wollen, dass Deutschland führend wird in der Produktion alternativer umweltfreundlicher Antriebe, wie zum Beispiel der Elektromobilität, und die Entwicklung autonomer Fahrzeuge zur Marktreife führt.",union.txt,41521,black,1.0,4099.0,0.0,49.0,"Wir wollen, dass Deutschland führend wird in der Produktion alternativer umweltfreundlicher Antriebe, wie zum Beispiel der Elektromobilität, und die Entwicklung autonomer Fahrzeuge zur Marktreife führt.",163.0,13860.0,Arbeitsplätze sichern,"- Wir wollen, dass die deutsche Automobilindustrie auch künftig ihre Weltmarktstellung behauptet. Fehler der Vergangenheit müssen korrigiert und für die Zukunft ausgeschlossen werden. Wir wollen, dass in Deutschland die besten und die saubersten Autos hergestellt werden. Wir wollen, dass Deutschland führend wird in der Produktion alternativer umweltfreundlicher Antriebe, wie zum Beispiel der Elektromobilität, und die Entwicklung autonomer Fahrzeuge zur Marktreife führt. Wir werden hierfür die staatlichen und gesetzlichen Rahmenbedingungen weiter verbessern.", Wir werden hierfür die staatlichen und gesetzlichen Rahmenbedingungen weiter verbessern.,"- Wir wollen, dass die deutsche Automobilindustrie auch künftig ihre Weltmarktstellung behauptet. Fehler der Vergangenheit müssen korrigiert und für die Zukunft ausgeschlossen werden. Wir wollen, dass in Deutschland die besten und die saubersten Autos hergestellt werden. ",FALSE
0.0,FDP,"Wir setzen uns für eine europäisch abgestimmte, effektive und wirksame Entwicklungszusammenarbeit ein, die auf Qualität der eingesetzten Mittel setzt statt auf deren Quantität.",fdp.txt,41420,gold,5.0,1062.0,0.0,430.0,"Wir Freie Demokraten setzen uns für eine europäisch abgestimmte, effektive und wirksame Entwicklungszusammenarbeit ein, die auf Qualität der eingesetzten Mittel setzt statt auf deren Quantität.",1606.0,2719.0,Europäisch abgestimmte Entwicklungszusammenarbeit,"Wir Freie Demokraten setzen uns für eine europäisch abgestimmte, effektive und wirksame Entwicklungszusammenarbeit ein, die auf Qualität der eingesetzten Mittel setzt statt auf deren Quantität. Dabei legen wir Wert auf eine bessere Differenzierung bei der Auswahl der Partnerländer. Es muss verstärkt auf die Kriterien Bedarf, Leistungsfähigkeit, Entwicklungsbereitschaft und Effizienz der Maßnahmen geachtet werden. Nötig sind neue Kooperationen zur Integration der deutschen und lokalen Privatwirtschaft und Entwicklungspartnerschaften mit neu en Gebern. Wir fordern kohärentere Ansätze innerhalb der Bundesregierung und der Europäischen Union, insbesondere zwischen Wirtschafts-, Außen-, Handels- und Entwicklungspolitik sowie in Abstimmung mit der europäischen Entwicklungszusammenarbeit. Hierzu gehört auch eine Überprüfung der Auswirkungen der AgrarExport-Subventionen. Zusätzlich ist eine abgestimmte Außen-, Sicherheits-, Handels-, und Entwicklungspolitik nötig, die verstärkt auf Krisenprävention und Konfliktbewältigung als wichtigstes Mittel zur Bekämpfung von Fluchtursachen setzt."," Dabei legen wir Wert auf eine bessere Differenzierung bei der Auswahl der Partnerländer. Es muss verstärkt auf die Kriterien Bedarf, Leistungsfähigkeit, Entwicklungsbereitschaft und Effizienz der Maßnahmen geachtet werden. Nötig sind neue Kooperationen zur Integration der deutschen und lokalen Privatwirtschaft und Entwicklungspartnerschaften mit neu en Gebern. Wir fordern kohärentere Ansätze innerhalb der Bundesregierung und der Europäischen Union, insbesondere zwischen Wirtschafts-, Außen-, Handels- und Entwicklungspolitik sowie in Abstimmung mit der europäischen Entwicklungszusammenarbeit. Hierzu gehört auch eine Überprüfung der Auswirkungen der AgrarExport-Subventionen. Zusätzlich ist eine abgestimmte Außen-, Sicherheits-, Handels-, und Entwicklungspolitik nötig, die verstärkt auf Krisenprävention und Konfliktbewältigung als wichtigstes Mittel zur Bekämpfung von Fluchtursachen setzt.",,FALSE
0.0,FDP,Wir wollen eine technologieoffene steuerliche Forschungsförderung einführen.,fdp.txt,41420,gold,5.0,1157.0,0.0,525.0,Wir Freie Demokraten wollen eine technologieoffene steuerliche Forschungsförderung einführen.,1967.0,3080.0,Einführung einer technologieoffenen steuerlichen Forschungsförderung,"Wir Freie Demokraten wollen eine technologieoffene steuerliche Forschungsförderung einführen. Dadurch sollen die Unternehmen in Deutschland einen bestimmten Prozentsatz ihrer Personalaufwendungen für Forschung und Entwicklung (FuE) als Steuergutschrift (Forschungsprämie) erhalten. Forschung und Innovationen werden also indirekt über das Steuersystem gefördert. Denn die Stärke unserer Wirtschaft liegt in der Innovationskraft der Unternehmen, in Spitzentechnologien, -produkten und -dienstleistungen. Und das umso mehr im digitalen Zeitalter. Daher sind FuEInvestitionen entscheidend für die künftige Wettbewerbsfähigkeit und damit Arbeitsplätze und Wohlstand. Bestehende Förderinstrumente, wie die Projektförderung mit direkten Mitteln, reichen hier nicht aus. Sie sind vor allem für kleine und mittlere Unternehmen wegen der vielen Auflagen und übermäßigen Bürokratie zu unattraktiv. Die steuerliche Forschungsförderung ist dagegen unbürokratisch, da Projektanträge und Genehmigungsverfahren entfallen. Zudem können die Unternehmen gleichermaßen davon profitieren, unabhängig von der Branche oder Art und Inhalt der Innovationsideen. Viele andere OECD- und EU-Mitgliedsstaaten verfügen bereits über dieses Instrument. Auch die Expertenkommission Forschung und Innovation der Bundesregierung empfiehlt seit Jahren, die steuerliche Forschungsförderung einzuführen. Das wollen wir tun, damit deutsche Unternehmen nicht länger einen Standortnachteil haben. Wir wollen, dass die Forschungsprämie mit der Steuerschuld verrechnet oder – im Verlustfall – als negative Einkommensteuer ausgezahlt wird. Diese Liquiditätsspritze hilft besonders Start-ups und Unternehmen in Erneuerungs- oder Krisensituationen."," Dadurch sollen die Unternehmen in Deutschland einen bestimmten Prozentsatz ihrer Personalaufwendungen für Forschung und Entwicklung (FuE) als Steuergutschrift (Forschungsprämie) erhalten. Forschung und Innovationen werden also indirekt über das Steuersystem gefördert. Denn die Stärke unserer Wirtschaft liegt in der Innovationskraft der Unternehmen, in Spitzentechnologien, -produkten und -dienstleistungen. Und das umso mehr im digitalen Zeitalter. Daher sind FuEInvestitionen entscheidend für die künftige Wettbewerbsfähigkeit und damit Arbeitsplätze und Wohlstand. Bestehende Förderinstrumente, wie die Projektförderung mit direkten Mitteln, reichen hier nicht aus. Sie sind vor allem für kleine und mittlere Unternehmen wegen der vielen Auflagen und übermäßigen Bürokratie zu unattraktiv. Die steuerliche Forschungsförderung ist dagegen unbürokratisch, da Projektanträge und Genehmigungsverfahren entfallen. Zudem können die Unternehmen gleichermaßen davon profitieren, unabhängig von der Branche oder Art und Inhalt der Innovationsideen. Viele andere OECD- und EU-Mitgliedsstaaten verfügen bereits über dieses Instrument. Auch die Expertenkommission Forschung und Innovation der Bundesregierung empfiehlt seit Jahren, die steuerliche Forschungsförderung einzuführen. Das wollen wir tun, damit deutsche Unternehmen nicht länger einen Standortnachteil haben. Wir wollen, dass die Forschungsprämie mit der Steuerschuld verrechnet oder – im Verlustfall – als negative Einkommensteuer ausgezahlt wird. Diese Liquiditätsspritze hilft besonders Start-ups und Unternehmen in Erneuerungs- oder Krisensituationen.",,FALSE
0.0,FDP,Wir wollen durch ein Venture-Capital-Gesetz die steuerlichen Rahmenbedingungen für Wagniskapital in Deutschland verbessern.,fdp.txt,41420,gold,5.0,763.0,0.0,131.0,Wir wollen durch ein Venture-Capital-Gesetz die steuerlichen Rahmenbedingungen für Wagniskapital in Deutschland verbessern.,401.0,1514.0,Bessere Bedingungen für Wagniskapital,"Wir wollen durch ein Venture-Capital-Gesetz die steuerlichen Rahmenbedingungen für Wagniskapital in Deutschland verbessern. Denn die jungen Unternehmen in Deutschland stehen alle vor derselben Herausforderung: Spätestens nach dem Markteintritt fehlt es an Kapital. Wachsen, Nachfolgeprodukte entwickeln und sich internationalisieren können die Unternehmen nur mit entsprechender Finanzspritze. Eine klassische Bankfinanzierung kommt aber für Start-ups häufig nicht in Frage. Diese Lücke schließt Wagniskapital. Internationale Erfahrungen zeigen, dass Wagniskapitalgeber ihre Investitionsentscheidungen nach einer regionalen Bezogenheit treffen: Sie investieren am liebsten dort, wo sie ihren Sitz haben. Deshalb wollen wir ein Venture -Capital-Gesetz, das umfassend und ganzheitlich beste Bedingungen für Wagniskapital in Deutschland schafft und zwar auch und gerade im Steuerrecht. Als entscheidende Punkte im steuerrechtlichen Bereich in diesem Venture-Capital-Gesetz, sehen wir den Abbau der Substanzbesteuerung – wie etwa bei den Hinzurechnungsvorschriften in der Gewerbesteuer, eine transparente Besteuerung für Venture Capital-Gesellschaften, eine faire Besteuerung von Investoren, die sich von ihrer Beteiligung trennen, ein Ende der (steuerlichen) Diskriminierung von Eigenkapital gegenüber Fremdkapital, die steuerliche Anrechenbarkeit von Investitionen in Unternehmen, eine Vereinheitlichung der gesetzlichen Rahmenbedingungen mindestens innerhalb der EU, keine Einschränkungen bei Verlustvorträgen, die Bilanzierbarkeit von Investitionen in eigene Intellectual Property und die Liberalisierung bei den Kapitalsammelstellen, damit privates Anlagekapital stärker genutzt werden kann. Aber auch institutionellen Anlegern soll es erleichtert werden, mit Wagniskapital in Start-Ups zu investieren: Pensionskassen, Versorgungskassen und Versicherungen in Deutschland wollen wir daher die Finanzierung von Start-Ups nach dem Vorbild des „Zukunftsfonds Schweiz“ ermöglichen. Durch entsprechende Risikobündelung kann Venture Capital an zukunftsträchtige, junge und innovative Unternehmen gegeben werden, die für einzelne Fonds zu riskant wären."," Denn die jungen Unternehmen in Deutschland stehen alle vor derselben Herausforderung: Spätestens nach dem Markteintritt fehlt es an Kapital. Wachsen, Nachfolgeprodukte entwickeln und sich internationalisieren können die Unternehmen nur mit entsprechender Finanzspritze. Eine klassische Bankfinanzierung kommt aber für Start-ups häufig nicht in Frage. Diese Lücke schließt Wagniskapital. Internationale Erfahrungen zeigen, dass Wagniskapitalgeber ihre Investitionsentscheidungen nach einer regionalen Bezogenheit treffen: Sie investieren am liebsten dort, wo sie ihren Sitz haben. Deshalb wollen wir ein Venture -Capital-Gesetz, das umfassend und ganzheitlich beste Bedingungen für Wagniskapital in Deutschland schafft und zwar auch und gerade im Steuerrecht. Als entscheidende Punkte im steuerrechtlichen Bereich in diesem Venture-Capital-Gesetz, sehen wir den Abbau der Substanzbesteuerung – wie etwa bei den Hinzurechnungsvorschriften in der Gewerbesteuer, eine transparente Besteuerung für Venture Capital-Gesellschaften, eine faire Besteuerung von Investoren, die sich von ihrer Beteiligung trennen, ein Ende der (steuerlichen) Diskriminierung von Eigenkapital gegenüber Fremdkapital, die steuerliche Anrechenbarkeit von Investitionen in Unternehmen, eine Vereinheitlichung der gesetzlichen Rahmenbedingungen mindestens innerhalb der EU, keine Einschränkungen bei Verlustvorträgen, die Bilanzierbarkeit von Investitionen in eigene Intellectual Property und die Liberalisierung bei den Kapitalsammelstellen, damit privates Anlagekapital stärker genutzt werden kann. Aber auch institutionellen Anlegern soll es erleichtert werden, mit Wagniskapital in Start-Ups zu investieren: Pensionskassen, Versorgungskassen und Versicherungen in Deutschland wollen wir daher die Finanzierung von Start-Ups nach dem Vorbild des „Zukunftsfonds Schweiz“ ermöglichen. Durch entsprechende Risikobündelung kann Venture Capital an zukunftsträchtige, junge und innovative Unternehmen gegeben werden, die für einzelne Fonds zu riskant wären.",,FALSE
0.0,FDP,"Wir glauben daran, dass es immer eine Möglichkeit gibt.",fdp.txt,41420,gold,5.0,653.0,0.0,21.0,"Wir glauben daran, dass es immer eine Möglichkeit gibt.",36.0,1149.0,Freie Demokraten: Die Richtigen für diese Zeit.,"Wir glauben an die Potenziale und die Energie jedes Einzelnen und an die Kraft der Freiheit. Wir glauben daran, dass es immer eine Möglichkeit gibt. Wir wollen nicht, dass „Ja, aber ...“ und Co. die Oberhand behalten. Daher lautet unser Auftrag: Stärken wir den Glauben der Menschen an sich selbst!"," Wir wollen nicht, dass „Ja, aber ...“ und Co. die Oberhand behalten. Daher lautet unser Auftrag: Stärken wir den Glauben der Menschen an sich selbst!",Wir glauben an die Potenziale und die Energie jedes Einzelnen und an die Kraft der Freiheit. ,FALSE
0.0,FDP,Wir wollen dazu das Instrument der Qualitätsverträge dauerhaft einführen und die bisherigen Beschränkungen auf wenige Indikationen aufheben.,fdp.txt,41420,gold,5.0,962.0,0.0,330.0,Wir wollen dazu das Instrument der Qualitätsverträge dauerhaft einführen und die bisherigen Beschränkungen auf wenige Indikationen aufheben.,1226.0,2339.0,Mehr Wettbewerb zwischen den Krankenkassen,"Wir Freie Demokraten wollen, dass gesetzliche Krankenkassen über die Leistungen, die sie anbieten, stärker miteinander in den Wettbewerb treten können. Denn ein solcher Wettbewerb trägt dazu bei, dass Patientinnen und Patienten gut versorgt werden und schneller von medizinischen Fortschritten profitieren. Bürokratische, zentralistische Lösungen behindern den effizienz- und innovationssteigernden Wettbewerb, der durch einen klaren wettbewerbs- und kartellrechtlichen Rahmen flankiert werden muss. Dazu wollen wir den gesetzlichen Spielraum für Verträge zwischen Krankenkassen und Leistungserbringern ausweiten, um innovative Versorgungsformen zu stärken. Die Wahl des Leistungserbringers durch den Leistungsempfänger darf dabei nicht eingeschränkt werden. Verträge für Krankenhausleistungen müssen über die integrierte Versorgung hinaus möglich sein. Wir wollen dazu das Instrument der Qualitätsverträge dauerhaft einführen und die bisherigen Beschränkungen auf wenige Indikationen aufheben. Denn durch diese Verträge können Krankenkassen mit Krankenhausträgern gegen zusätzliche Anreize höherwertige Qualitätsanforderungen vereinbaren und dadurch die qualitativ hochwertige Versorgung der Patientinnen und Patienten fördern. Außerdem sollte bei integrierten und bei rein ambulanten Verträgen der besonderen Versorgung auf den Nachweis der Wirtschaftlichkeit verzichtet werden, wenn eine besondere Qualität der Versorgung erreicht wird."," Denn durch diese Verträge können Krankenkassen mit Krankenhausträgern gegen zusätzliche Anreize höherwertige Qualitätsanforderungen vereinbaren und dadurch die qualitativ hochwertige Versorgung der Patientinnen und Patienten fördern. Außerdem sollte bei integrierten und bei rein ambulanten Verträgen der besonderen Versorgung auf den Nachweis der Wirtschaftlichkeit verzichtet werden, wenn eine besondere Qualität der Versorgung erreicht wird.","Wir Freie Demokraten wollen, dass gesetzliche Krankenkassen über die Leistungen, die sie anbieten, stärker miteinander in den Wettbewerb treten können. Denn ein solcher Wettbewerb trägt dazu bei, dass Patientinnen und Patienten gut versorgt werden und schneller von medizinischen Fortschritten profitieren. Bürokratische, zentralistische Lösungen behindern den effizienz- und innovationssteigernden Wettbewerb, der durch einen klaren wettbewerbs- und kartellrechtlichen Rahmen flankiert werden muss. Dazu wollen wir den gesetzlichen Spielraum für Verträge zwischen Krankenkassen und Leistungserbringern ausweiten, um innovative Versorgungsformen zu stärken. Die Wahl des Leistungserbringers durch den Leistungsempfänger darf dabei nicht eingeschränkt werden. Verträge für Krankenhausleistungen müssen über die integrierte Versorgung hinaus möglich sein. ",FALSE
0.0,FDP,"Wir setzen uns dafür ein, dass Deutschland seine Altschulden abbaut, statt sich auf der „schwarzen Null“ auszuruhen.",fdp.txt,41420,gold,5.0,1146.0,0.0,514.0,"Wir Freie Demokraten setzen uns dafür ein, dass Deutschland seine Altschulden abbaut, statt sich auf der „schwarzen Null“ auszuruhen.",1920.0,3033.0,Schuldenabbau,"Wir Freie Demokraten setzen uns dafür ein, dass Deutschland seine Altschulden abbaut, statt sich auf der „schwarzen Null“ auszuruhen. Denn sollte eines Tages das Zinsniveau wieder ansteigen, dann bricht uns der hohe Schuldenberg möglicherweise finanziell das Genick. Schließlich waren es vor allem die niedrigen Zinsen und Rekordsteuereinnahmen, die in den letzten Jahren einen ausgeglichenen Haushalt ermöglicht haben. Es wären sogar Haushaltsüberschüsse zum Schuldenabbau möglich gewesen, wenn die Bundesregierung die zusätzlichen Einnahmen nicht sofort wieder für neu geschaffene Ausgabenposten verwandt hätte. Der Schuldenberg ist nach wie vor hoch. Mit 71,2 Prozent des Bruttoinlandsproduktes lag Deutschlands Schuldenstandsquote 2015 über der 60-Prozent-Marke nach den Maastricht-Kriterien, die die wirtschaftliche Stabilität des Euroraumes sicherstellen sollen. Deutschland muss daher mit gutem Beispiel vorangehen und seine Schulden zügig abbauen. Ein nachhaltiger Schuldenabbau ist zudem eine Frage der Generationengerechtigkeit. Schließlich kann sich das Zinsniveau mittelfristig wieder ändern. Steigende Zinszahlungen reduzieren zusammen mit vielen weiteren Zahlungsverpflichtungen des Staates dann immer mehr den haushaltspolitischen Ausgabenspielraum – und damit auch die Zukunftschancen unserer Kinder und Enkel."," Denn sollte eines Tages das Zinsniveau wieder ansteigen, dann bricht uns der hohe Schuldenberg möglicherweise finanziell das Genick. Schließlich waren es vor allem die niedrigen Zinsen und Rekordsteuereinnahmen, die in den letzten Jahren einen ausgeglichenen Haushalt ermöglicht haben. Es wären sogar Haushaltsüberschüsse zum Schuldenabbau möglich gewesen, wenn die Bundesregierung die zusätzlichen Einnahmen nicht sofort wieder für neu geschaffene Ausgabenposten verwandt hätte. Der Schuldenberg ist nach wie vor hoch. Mit 71,2 Prozent des Bruttoinlandsproduktes lag Deutschlands Schuldenstandsquote 2015 über der 60-Prozent-Marke nach den Maastricht-Kriterien, die die wirtschaftliche Stabilität des Euroraumes sicherstellen sollen. Deutschland muss daher mit gutem Beispiel vorangehen und seine Schulden zügig abbauen. Ein nachhaltiger Schuldenabbau ist zudem eine Frage der Generationengerechtigkeit. Schließlich kann sich das Zinsniveau mittelfristig wieder ändern. Steigende Zinszahlungen reduzieren zusammen mit vielen weiteren Zahlungsverpflichtungen des Staates dann immer mehr den haushaltspolitischen Ausgabenspielraum – und damit auch die Zukunftschancen unserer Kinder und Enkel.",,FALSE
0.0,FDP,"Wir wollen, dass datenbezogene Geschäftsmodelle und Selbstbestimmtheit im Internet der Dinge sich nicht ausschließen.",fdp.txt,41420,gold,5.0,920.0,0.0,288.0,"Wir Freie Demokraten wollen, dass datenbezogene Geschäftsmodelle und Selbstbestimmtheit im Internet der Dinge sich nicht ausschließen.",1034.0,2147.0,Selbstbestimmung im Internet der Dinge,"Wir Freie Demokraten wollen, dass datenbezogene Geschäftsmodelle und Selbstbestimmtheit im Internet der Dinge sich nicht ausschließen. Dort, wo nicht-personenbezogene Daten in oder durch Maschinen erfasst und gespeichert werden, sollen nicht nur die Hersteller der Geräte und Dienstleister der Services ein Recht an der Nutzung der Daten haben, sondern auch die Nutzer der Maschinen selbst. Wir wollen ein Nutzungsrecht an diesen Daten schaffen, das alle Akteure in die Lage versetzt, die gewonnenen Daten für sich zu nutzen. Damit wollen wir gesellschaftlichen Fortschritt mit Verbraucherschutz und Datensouveränität in Einklang bringen. Unser Ziel ist es, dass Innovation möglich bleibt, ohne ungewollt Privatsphäre zu opfern."," Dort, wo nicht-personenbezogene Daten in oder durch Maschinen erfasst und gespeichert werden, sollen nicht nur die Hersteller der Geräte und Dienstleister der Services ein Recht an der Nutzung der Daten haben, sondern auch die Nutzer der Maschinen selbst. Wir wollen ein Nutzungsrecht an diesen Daten schaffen, das alle Akteure in die Lage versetzt, die gewonnenen Daten für sich zu nutzen. Damit wollen wir gesellschaftlichen Fortschritt mit Verbraucherschutz und Datensouveränität in Einklang bringen. Unser Ziel ist es, dass Innovation möglich bleibt, ohne ungewollt Privatsphäre zu opfern.",,FALSE
0.0,FDP,Wir wollen die Rahmenbedingungen für eine innovative Kreislauf- und Ressourcenwirtschaft verbessern und setzen verstärkt auf Müllvermeidung und Recycling.,fdp.txt,41420,gold,5.0,841.0,0.0,209.0,Wir Freie Demokraten wollen die Rahmenbedingungen für eine innovative Kreislauf- und Ressourcenwirtschaft verbessern und setzen verstärkt auf Müllvermeidung und Recycling.,693.0,1806.0,Innovative Kreislaufwirtschaft,"Wir Freie Demokraten wollen die Rahmenbedingungen für eine innovative Kreislauf- und Ressourcenwirtschaft verbessern und setzen verstärkt auf Müllvermeidung und Recycling. Das marktwirtschaftliche Prinzip der Produktverantwortung, bei dem der Hersteller eines Produkts die Verantwortung für dessen spätere Entsorgung trägt, muss weiter gestärkt werden. Im Gegensatz zum allgemeinen Trend, wieder nach einer stärkeren Rolle der Kreise und Kommunen zu rufen, vertrauen wir vor allem auf die Effizienz und die Wettbewerbsfähigkeit der privaten Entsorgungsunternehmen."," Das marktwirtschaftliche Prinzip der Produktverantwortung, bei dem der Hersteller eines Produkts die Verantwortung für dessen spätere Entsorgung trägt, muss weiter gestärkt werden. Im Gegensatz zum allgemeinen Trend, wieder nach einer stärkeren Rolle der Kreise und Kommunen zu rufen, vertrauen wir vor allem auf die Effizienz und die Wettbewerbsfähigkeit der privaten Entsorgungsunternehmen.",,FALSE
0.0,FDP,"Wir brauchen ein Populationsmanagement für den Kormoran, das den Artenschutz im Blick hat und den Interessen der Menschen dient.",fdp.txt,41420,gold,5.0,837.0,0.0,205.0,"Wir brauchen ein Populationsmanagement für den Kormoran, das den Artenschutz im Blick hat und den Interessen der Menschen dient.",687.0,1800.0,Artgerechte Tierhaltung und Tierernährung,"Wir Freie Demokraten setzen uns für eine artgerechte Tierhaltung und Tierernährung ein. Wünschenswerte Verbesserungen bei der Nutztierhaltung wollen wir durch eine gezielte Agrarinvestitionsförderung erreichen. Starre ordnungsrechtliche Vorgaben oder zu ehrgeizige TierwohlZertifizierungen überfordern hingegen vor allem kleine Landwirtschaftsbetriebe und beschleunigen somit den Strukturwandel. Beim Schutz von Heimtieren gilt für uns der Grundsatz „Lenken statt Verbieten“. In diesem Sinne wollen wir die Sachkunde von Heimtierhaltenden verbessern. Modelle wie Positiv- und Negativlisten, welche die Haltung bestimmter Arten untersagen, lehnen wir entschieden ab. Denn sie führen lediglich zu einer Kriminalisierung von Tierhaltenden und zu einem grauen Markt, der einen wirksamen Tierschutz letztlich nur erschwert. Wir wollen den Flickenteppich der Kormoranverordnungen in Deutschland harmonisieren und eine bundesweite Strategie zur Regulierung der Bestände auf den Weg bringen. Wir brauchen ein Populationsmanagement für den Kormoran, das den Artenschutz im Blick hat und den Interessen der Menschen dient.",,"Wir Freie Demokraten setzen uns für eine artgerechte Tierhaltung und Tierernährung ein. Wünschenswerte Verbesserungen bei der Nutztierhaltung wollen wir durch eine gezielte Agrarinvestitionsförderung erreichen. Starre ordnungsrechtliche Vorgaben oder zu ehrgeizige TierwohlZertifizierungen überfordern hingegen vor allem kleine Landwirtschaftsbetriebe und beschleunigen somit den Strukturwandel. Beim Schutz von Heimtieren gilt für uns der Grundsatz „Lenken statt Verbieten“. In diesem Sinne wollen wir die Sachkunde von Heimtierhaltenden verbessern. Modelle wie Positiv- und Negativlisten, welche die Haltung bestimmter Arten untersagen, lehnen wir entschieden ab. Denn sie führen lediglich zu einer Kriminalisierung von Tierhaltenden und zu einem grauen Markt, der einen wirksamen Tierschutz letztlich nur erschwert. Wir wollen den Flickenteppich der Kormoranverordnungen in Deutschland harmonisieren und eine bundesweite Strategie zur Regulierung der Bestände auf den Weg bringen. ",FALSE
0.0,FDP,Wir fordern eine Open-Data- und Open-Government-Strategie für Deutschland.,fdp.txt,41420,gold,5.0,791.0,0.0,159.0,Wir Freie Demokraten fordern eine Open-Data- und Open-Government-Strategie für Deutschland.,501.0,1614.0,Open-Data und Open-Government-Strategie,"Wir Freie Demokraten fordern eine Open-Data- und Open-Government-Strategie für Deutschland. Open-Data und Open-Government bedeuten, dass nicht-unternehmensbezogene oder nichtpersonenbezogene Daten der Verwaltung in maschinenlesbarer Form veröffentlicht und frei zugänglich gemacht werden. Eine solche Offenlegung führt zu mehr Transparenz sowie einer größeren Möglichkeit der öffentlichen Teilhabe. Denn nur, wenn Bürgerinnen und Bürger informiert sind, können sie auch an der öffentlichen Diskussion teilnehmen. Für Unternehmen können öffentlich zugängliche Daten wertvolle Informationen zu Absatzmärkten und Standortentscheidungen bringen und neuartige und attraktive Angebote für Kunden ermöglichen. Laut Studien kann dies bis zu 43 Milliarden Euro an Wertschöpfung und 20.000 neue Arbeitsplätze generieren. Diese Chance müssen wir nutzen."," Open-Data und Open-Government bedeuten, dass nicht-unternehmensbezogene oder nichtpersonenbezogene Daten der Verwaltung in maschinenlesbarer Form veröffentlicht und frei zugänglich gemacht werden. Eine solche Offenlegung führt zu mehr Transparenz sowie einer größeren Möglichkeit der öffentlichen Teilhabe. Denn nur, wenn Bürgerinnen und Bürger informiert sind, können sie auch an der öffentlichen Diskussion teilnehmen. Für Unternehmen können öffentlich zugängliche Daten wertvolle Informationen zu Absatzmärkten und Standortentscheidungen bringen und neuartige und attraktive Angebote für Kunden ermöglichen. Laut Studien kann dies bis zu 43 Milliarden Euro an Wertschöpfung und 20.000 neue Arbeitsplätze generieren. Diese Chance müssen wir nutzen.",,FALSE
0.0,GRÜNE,"Wir machen uns für eine internationale Plastikkonvention zur Verringerung von Plastikmüll stark, fördern innovative Projekte zur Abfallvermeidung und zeigen dem unnötigen Einsatz von Mikroplastik in Kosmetikprodukten die Rote Karte.",gruene.txt,41113,darkgreen,4.0,1303.0,0.0,57.0,"Wir machen uns für eine internationale Plastikkonvention zur Verringerung von Plastikmüll stark, fördern innovative Projekte zur Abfallvermeidung und zeigen dem unnötigen Einsatz von Mikroplastik in Kosmetikprodukten die Rote Karte.",275.0,3676.0,Für sauberes Wasser ohne Gift und Plastik,"Wasser ist unser wichtigstes Lebensmittel. Damit unsere Gewässer einen guten ökologischen Zustand erreichen, richten wir das Düngerecht an ihrem Schutz aus. Wir machen uns für eine internationale Plastikkonvention zur Verringerung von Plastikmüll stark, fördern innovative Projekte zur Abfallvermeidung und zeigen dem unnötigen Einsatz von Mikroplastik in Kosmetikprodukten die Rote Karte. Hersteller von problematischen Medikamenten, Chemikalien und umweltschädlichen Pestiziden wollen wir mit in die Verantwortung nehmen, die Schäden zu beseitigen."," Hersteller von problematischen Medikamenten, Chemikalien und umweltschädlichen Pestiziden wollen wir mit in die Verantwortung nehmen, die Schäden zu beseitigen.","Wasser ist unser wichtigstes Lebensmittel. Damit unsere Gewässer einen guten ökologischen Zustand erreichen, richten wir das Düngerecht an ihrem Schutz aus. ",FALSE
0.0,GRÜNE,"Wir laden alle ein, an der Verkehrswende aktiv mitzuwirken.",gruene.txt,41113,darkgreen,4.0,1426.0,0.0,180.0,"Wir laden alle ein, an der Verkehrswende aktiv mitzuwirken.",853.0,4254.0,"VI. WIR SORGEN FÜR SAUBERE, BEZAHLBARE UND BEQUEME MOBILITÄT","Wir GRÜNE denken Mobilität neu mit Lebensqualität, ohne Lärm, Dreck und Stau. Und dort, wo wir regieren, setzen wir das gemeinsam mit grünnahen Bewegungen um. So hat das Netzwerk Volksentscheid Fahrrad in Berlin dafür gesorgt, dass sich bei der städtischen Verkehrswende was dreht. In Berlin bringt die grüne Ver kehrs verwal tung gemeinsam mit den Radfahrer\*innen ein Radgesetz als Teil eines Mobilitätsgesetzes auf den Weg. Baden-Württemberg prescht voran beim Ausbau der Infrastruktur für die E-Mobilität. Wir laden alle ein, an der Verkehrswende aktiv mitzuwirken. Während die Große Koalition in den 1960er-Jahren stecken geblieben ist und ihre Verkehrs po litik weiterhin nur auf das Auto ausrichtet, wollen wir in ein neues, zukunftsfähiges und vielfältiges Mobilitätsangebot investieren. Da zu gehört für uns ein dichtes und modernisiertes Bahnnetz, das Pünktlichkeit und aufeinander abgestimmte Anschlüsse in ganz Deutschland – und dort wo möglich auch grenzüberschreitend in ganz Europa – garantiert. Ebenso gehören dazu sichere und schnelle Wege für alle Fahrradfahrer\*innen von jung bis alt, leise Autos ohne Auspuff und mit Fahrspaß sowie die Stromtankstelle gleich um die Ecke. Wir setzen uns dafür ein, dass auch der Fußverkehr endlich eine angemessene Wertschätzung und finanzielle Förderung erfährt."," Während die Große Koalition in den 1960er-Jahren stecken geblieben ist und ihre Verkehrs po litik weiterhin nur auf das Auto ausrichtet, wollen wir in ein neues, zukunftsfähiges und vielfältiges Mobilitätsangebot investieren. Da zu gehört für uns ein dichtes und modernisiertes Bahnnetz, das Pünktlichkeit und aufeinander abgestimmte Anschlüsse in ganz Deutschland – und dort wo möglich auch grenzüberschreitend in ganz Europa – garantiert. Ebenso gehören dazu sichere und schnelle Wege für alle Fahrradfahrer\*innen von jung bis alt, leise Autos ohne Auspuff und mit Fahrspaß sowie die Stromtankstelle gleich um die Ecke. Wir setzen uns dafür ein, dass auch der Fußverkehr endlich eine angemessene Wertschätzung und finanzielle Förderung erfährt.","Wir GRÜNE denken Mobilität neu mit Lebensqualität, ohne Lärm, Dreck und Stau. Und dort, wo wir regieren, setzen wir das gemeinsam mit grünnahen Bewegungen um. So hat das Netzwerk Volksentscheid Fahrrad in Berlin dafür gesorgt, dass sich bei der städtischen Verkehrswende was dreht. In Berlin bringt die grüne Ver kehrs verwal tung gemeinsam mit den Radfahrer\*innen ein Radgesetz als Teil eines Mobilitätsgesetzes auf den Weg. Baden-Württemberg prescht voran beim Ausbau der Infrastruktur für die E-Mobilität. ",FALSE
0.0,GRÜNE,Wir wollen das Abkommen von Paris mit Leben füllen.,gruene.txt,41113,darkgreen,4.0,1346.0,0.0,100.0,Wir GRÜNE wollen das Abkommen von Paris mit Leben füllen.,468.0,3869.0,1. Klimaabkommen von Paris jetzt umsetzen,"Wir GRÜNE wollen das Abkommen von Paris mit Leben füllen. Das zentrale Instrument dazu ist ein bundesweites Klimaschutzgesetz, so wie wir GRÜNE es auf Landesebene zuerst in NRW und dann in zahlreichen weiteren Bundesländern bereits eingeführt haben. Damit beschreiben wir den Klimaschutzpfad bis 2050 und setzen verbindliche und planbare Ziele. Neben Industrie und Energiewirtschaft müssen auch der Verkehr, die Landwirtschaft und der Gebäudesektor ihren Beitrag leisten. Sie sind es, die gegen den Trend steigende Emissionen zu verzeichnen haben. Werden die Ziele nicht erreicht, muss die Politik nachsteuern. Nur so gelingt es, auf dem Modernisierungspfad zu bleiben."," Das zentrale Instrument dazu ist ein bundesweites Klimaschutzgesetz, so wie wir GRÜNE es auf Landesebene zuerst in NRW und dann in zahlreichen weiteren Bundesländern bereits eingeführt haben. Damit beschreiben wir den Klimaschutzpfad bis 2050 und setzen verbindliche und planbare Ziele. Neben Industrie und Energiewirtschaft müssen auch der Verkehr, die Landwirtschaft und der Gebäudesektor ihren Beitrag leisten. Sie sind es, die gegen den Trend steigende Emissionen zu verzeichnen haben. Werden die Ziele nicht erreicht, muss die Politik nachsteuern. Nur so gelingt es, auf dem Modernisierungspfad zu bleiben.",,FALSE
0.0,GRÜNE,Wir streiten für auskömmliche Renten und eine gute Pflege im Alter.,gruene.txt,41113,darkgreen,4.0,1837.0,0.0,591.0,Wir streiten für auskömmliche Renten und eine gute Pflege im Alter.,2793.0,6194.0,E. GERECHTIGKEIT IM SINN,"Wir werden die Zwei-Klassen-Medizin abschaffen und stattdessen mit einer Bürger\*innenversicherung eine gute Gesundheitsversorgung für alle ermöglichen. Wir streiten für auskömmliche Renten und eine gute Pflege im Alter. Wir wollen verhindern, dass Menschen sich von einem unsicheren Arbeitsplatz zum nächsten hangeln müssen. Wir wollen den Menschen wieder mehr Souveränität über ihre eigene Zeit geben, damit sie Beruf, Familie und Engagement besser miteinander verbinden können."," Wir wollen verhindern, dass Menschen sich von einem unsicheren Arbeitsplatz zum nächsten hangeln müssen. Wir wollen den Menschen wieder mehr Souveränität über ihre eigene Zeit geben, damit sie Beruf, Familie und Engagement besser miteinander verbinden können.",Wir werden die Zwei-Klassen-Medizin abschaffen und stattdessen mit einer Bürger\*innenversicherung eine gute Gesundheitsversorgung für alle ermöglichen. ,FALSE
0.0,GRÜNE,"Wir wollen das Familienrecht weiterentwickeln und für diese Familien ein Angebot schaffen, das sie in ihrer Verantwortung als Eltern rechtlich stärkt (Rechtsinstitut der elterlichen Mitverantwortung).",gruene.txt,41113,darkgreen,4.0,1981.0,0.0,735.0,"Wir wollen das Familienrecht weiterentwickeln und für diese Familien ein Angebot schaffen, das sie in ihrer Verantwortung als Eltern rechtlich stärkt (Rechtsinstitut der elterlichen Mitverantwortung).",3531.0,6932.0,Für ein modernes Familienrecht – alle Familienformen anerkennen und schützen,"Familie ist da, wo Menschen füreinander Verantwortung übernehmen. Über 30 Prozent aller Familien, in denen minderjährige Kinder leben, sind keine Ehen, sondern: nichteheliche Familien, Alleinerziehende mit Kind, Patchworkfamilien oder Regenbogenfamilien. Für viele dieser heute selbstverständlichen Familienkonstellationen gibt es keinen klaren Rahmen, der ihre Rechte benennt und ihre Familienform absichert. Wir wollen das Familienrecht weiterentwickeln und für diese Familien ein Angebot schaffen, das sie in ihrer Verantwortung als Eltern rechtlich stärkt (Rechtsinstitut der elterlichen Mitverantwortung). Damit wollen wir klar regeln, welche Rechte und Pflichten, beispielsweise in der Schule, beim Arztbesuch oder im Alltag, aber auch welche Verantwortung für das Kind die leiblichen und die nicht leiblichen, aber miterziehenden Eltern haben."," Damit wollen wir klar regeln, welche Rechte und Pflichten, beispielsweise in der Schule, beim Arztbesuch oder im Alltag, aber auch welche Verantwortung für das Kind die leiblichen und die nicht leiblichen, aber miterziehenden Eltern haben.","Familie ist da, wo Menschen füreinander Verantwortung übernehmen. Über 30 Prozent aller Familien, in denen minderjährige Kinder leben, sind keine Ehen, sondern: nichteheliche Familien, Alleinerziehende mit Kind, Patchworkfamilien oder Regenbogenfamilien. Für viele dieser heute selbstverständlichen Familienkonstellationen gibt es keinen klaren Rahmen, der ihre Rechte benennt und ihre Familienform absichert. ",FALSE
0.0,GRÜNE,Wir wollen nicht auf Kosten der Menschen in anderen Ländern Profite machen und Konflikte dort anheizen.,gruene.txt,41113,darkgreen,4.0,2066.0,0.0,820.0,Wir wollen nicht auf Kosten der Menschen in anderen Ländern Profite machen und Konflikte dort anheizen.,3947.0,7348.0,10. Fluchtursachen bekämpfen,"Deutschland ist international ein verlässlicher Bündnispartner. Doch wir tragen derzeit mit Rüstungsexporten an Diktaturen und Krisenregionen zur Unsicherheit in der Welt bei. Deshalb beenden wir solche Exporte mit einem verbindlichen Rüstungsexportgesetz. Wir wollen nicht auf Kosten der Menschen in anderen Ländern Profite machen und Konflikte dort anheizen. Deshalb stärken wir mit fairen Handelsabkommen ökologische und soziale Standards weltweit. Wir wollen die Überfischung vor den Küsten Afrikas beenden und solche Agrarsubventionen streichen, die andernorts Landflucht und Hunger befördern. Der Kampf gegen die Klimaerhitzung ist auch ein Kampf gegen Fluchtursachen. Die beste Flüchtlingspolitik ist diejenige, die Menschenrechte konsequent schützt und dazu beiträgt, dass Menschen ihre Heimat nicht verlassen müssen."," Deshalb stärken wir mit fairen Handelsabkommen ökologische und soziale Standards weltweit. Wir wollen die Überfischung vor den Küsten Afrikas beenden und solche Agrarsubventionen streichen, die andernorts Landflucht und Hunger befördern. Der Kampf gegen die Klimaerhitzung ist auch ein Kampf gegen Fluchtursachen. Die beste Flüchtlingspolitik ist diejenige, die Menschenrechte konsequent schützt und dazu beiträgt, dass Menschen ihre Heimat nicht verlassen müssen.",Deutschland ist international ein verlässlicher Bündnispartner. Doch wir tragen derzeit mit Rüstungsexporten an Diktaturen und Krisenregionen zur Unsicherheit in der Welt bei. Deshalb beenden wir solche Exporte mit einem verbindlichen Rüstungsexportgesetz. ,FALSE
0.0,GRÜNE,"Wir empfinden es als Reichtum, wenn wir in uns selbst, unseren Familien, Nachbarschaften und den Freundeskreisen unserer Kinder unterschiedlichen Kulturen begegnen.",gruene.txt,41113,darkgreen,4.0,1607.0,0.0,361.0,"Wir empfinden es als Reichtum, wenn wir in uns selbst, unseren Familien, Nachbarschaften und den Freundeskreisen unserer Kinder unterschiedlichen Kulturen begegnen.",1755.0,5156.0,V. WIR GESTALTEN UNSER EINWANDERUNGSLAND,"Schon immer hat Ein- und Auswanderung Deutschland geprägt und verändert, vor Herausforderungen gestellt und uns als Gesellschaft weitergebracht. In einem Europa der offenen Grenzen und in einer Welt, die durch Handel und Digitalisierung noch enger zusammengerückt ist, ist die Migration ein Teil unserer Realität. Wir wollen diese Einwanderung vernünftig regeln und die Integration fördern, um das friedliche Zusammenleben von Menschen mit unterschiedlicher Herkunft und Religion zu sichern. Wir empfinden es als Reichtum, wenn wir in uns selbst, unseren Familien, Nachbarschaften und den Freundeskreisen unserer Kinder unterschiedlichen Kulturen begegnen. Für uns zählt nicht, woher ein Mensch kommt, es zählt, wo sie oder er hin will. Wir kennen die Vorteile vielfältiger Gesellschaften: Sie entwickeln sich dynamischer und kreativer als solche in Abschottung."," Für uns zählt nicht, woher ein Mensch kommt, es zählt, wo sie oder er hin will. Wir kennen die Vorteile vielfältiger Gesellschaften: Sie entwickeln sich dynamischer und kreativer als solche in Abschottung.","Schon immer hat Ein- und Auswanderung Deutschland geprägt und verändert, vor Herausforderungen gestellt und uns als Gesellschaft weitergebracht. In einem Europa der offenen Grenzen und in einer Welt, die durch Handel und Digitalisierung noch enger zusammengerückt ist, ist die Migration ein Teil unserer Realität. Wir wollen diese Einwanderung vernünftig regeln und die Integration fördern, um das friedliche Zusammenleben von Menschen mit unterschiedlicher Herkunft und Religion zu sichern. ",FALSE
0.0,GRÜNE,Wir wollen unbürokratische Möglichkeiten für den Mit- beziehungsweise den Nachzug von Familienangehörigen einführen sowie den Nachweis von Deutschkenntnissen vor der Einreise abschaffen.,gruene.txt,41113,darkgreen,4.0,1616.0,0.0,370.0,Wir wollen unbürokratische Möglichkeiten für den Mit- beziehungsweise den Nachzug von Fa mi lienangehörigen einführen sowie den Nachweis von Deutsch kenntnissen vor der Einreise abschaffen.,1786.0,5187.0,2. Mehr Integration wagen,"Um gerade Frauen eine eigenständige Existe nzsicherung zu ermöglichen, wollen wir ihren Anforderungen zum Beispiel durch eine gesicherte Betreuung ihrer Kinder Rechnung tragen. Wir wollen unbürokratische Möglichkeiten für den Mit- beziehungsweise den Nachzug von Fa mi lienangehörigen einführen sowie den Nachweis von Deutsch kenntnissen vor der Einreise abschaffen.",,"Um gerade Frauen eine eigenständige Existe nzsicherung zu ermöglichen, wollen wir ihren Anforderungen zum Beispiel durch eine gesicherte Betreuung ihrer Kinder Rechnung tragen. ",FALSE
0.0,GRÜNE,"Wir wollen kleine regionale Schlachthöfe und mobile Schlachteinrichtungen fördern, die Tiertransporte entbehrlich machen und Wege verkürzen.",gruene.txt,41113,darkgreen,4.0,1316.0,0.0,70.0,"Wir wollen kleine regionale Schlachthöfe und mobile Schlachteinrichtungen fördern, die Tiertransporte entbehrlich machen und Wege verkürzen.",336.0,3737.0,1. Raus aus der industriellen Massentierhaltung,"Wir wollen, dass die Tiere ein besseres Leben haben: mehr Platz in den Ställen, Zugang zu frischer Luft und Tageslicht, kein Kükenschreddern, keine Amputationen und Qualzuchten, tiergerechte Fütterung und deutlich weniger Antibiotika. Tierschutz schützt auch unsere Gesundheit. Mit der Eindämmung des Antibiotikaeinsatzes in der Landwirtschaft reduzieren wir auch die Gefahr multiresistenter Bakterien. Gute Arbeitsbeding ungen und das Wohl der Tiere müssen im Vordergrund stehen – von der Aufzucht und der Haltung über den Transport bis zur Schlachtung. Wir wollen kleine regionale Schlachthöfe und mobile Schlachteinrichtungen fördern, die Tiertransporte entbehrlich machen und Wege verkürzen. Wir wollen die industrielle Massentierhaltung in den nächsten 20 Jahren beenden. Das fördern wir mit einem Pakt für faire Tierhaltung, damit sich tier- und umweltgerechte Haltung auch wirtschaftlich rechnet. Auch aus Klimaschutzgründen ist der Rückgang des Konsums tierischer Lebensmittel eine gute Entwicklung."," Wir wollen die industrielle Massentierhaltung in den nächsten 20 Jahren beenden. Das fördern wir mit einem Pakt für faire Tierhaltung, damit sich tier- und umweltgerechte Haltung auch wirtschaftlich rechnet. Auch aus Klimaschutzgründen ist der Rückgang des Konsums tierischer Lebensmittel eine gute Entwicklung.","Wir wollen, dass die Tiere ein besseres Leben haben: mehr Platz in den Ställen, Zugang zu frischer Luft und Tageslicht, kein Kükenschreddern, keine Amputationen und Qualzuchten, tiergerechte Fütterung und deutlich weniger Antibiotika. Tierschutz schützt auch unsere Gesundheit. Mit der Eindämmung des Antibiotikaeinsatzes in der Landwirtschaft reduzieren wir auch die Gefahr multiresistenter Bakterien. Gute Arbeitsbeding ungen und das Wohl der Tiere müssen im Vordergrund stehen – von der Aufzucht und der Haltung über den Transport bis zur Schlachtung. ",FALSE
0.0,GRÜNE,"Wir können und wollen es uns nicht leisten, Menschen perspektivlos und abgehängt zurückzulassen.",gruene.txt,41113,darkgreen,4.0,1841.0,0.0,595.0,"Wir können und wollen es uns nicht leisten, Menschen perspektivlos und abgehängt zurückzulassen.",2815.0,6216.0,"I. WIR INVESTIEREN IN KINDERTAGESSTÄTTEN, SCHULEN UND HOCHSCHULEN","Es ist ein Skandal, dass es für Kinder aus Arbeiterfamilien bei uns so schwierig ist aufzusteigen. Das wollen wir GRÜNE ändern. Jede und jeder soll die Chance auf ein gutes Leben bekommen. Unsere Gesellschaft braucht die Ideen, die umfassende Teilhabe und die Kraft aller Menschen. Wir können und wollen es uns nicht leisten, Menschen perspektivlos und abgehängt zurückzulassen. Dabei ist uns wichtig, dass in dieser Gesellschaft nicht nur diejenigen gefördert oder geschätzt werden, die ein Studium abgeschlossen haben, sondern alle. Unser Ziel ist eine Gesellschaft, in der nicht soziale Herkunft, Geschlecht, ethnische Wurzeln oder körperliche Voraussetzungen über die Zukunft von Menschen entscheiden, sondern deren Wünsche und Talente. Wir stemmen uns gegen die Spaltung in drinnen und draußen, wollen die Gesellschaft zusammenhalten und Chancen gerechter verteilen. Deshalb wollen wir den Bürger\*innen Steuerüberschüsse gerade auch in Form von besserer Bildung zurückgeben. Wir wollen keine Steuersenkungen, die vor allem Gutverdienenden zugutekommen, sondern mehr Investitionen in Kindertagesstätten, Schulen und Hochschulen unterstützen."," Dabei ist uns wichtig, dass in dieser Gesellschaft nicht nur diejenigen gefördert oder geschätzt werden, die ein Studium abgeschlossen haben, sondern alle. Unser Ziel ist eine Gesellschaft, in der nicht soziale Herkunft, Geschlecht, ethnische Wurzeln oder körperliche Voraussetzungen über die Zukunft von Menschen entscheiden, sondern deren Wünsche und Talente. Wir stemmen uns gegen die Spaltung in drinnen und draußen, wollen die Gesellschaft zusammenhalten und Chancen gerechter verteilen. Deshalb wollen wir den Bürger\*innen Steuerüberschüsse gerade auch in Form von besserer Bildung zurückgeben. Wir wollen keine Steuersenkungen, die vor allem Gutverdienenden zugutekommen, sondern mehr Investitionen in Kindertagesstätten, Schulen und Hochschulen unterstützen.","Es ist ein Skandal, dass es für Kinder aus Arbeiterfamilien bei uns so schwierig ist aufzusteigen. Das wollen wir GRÜNE ändern. Jede und jeder soll die Chance auf ein gutes Leben bekommen. Unsere Gesellschaft braucht die Ideen, die umfassende Teilhabe und die Kraft aller Menschen. ",FALSE
0.0,LINKE,Wir streiten für branchenspezifische Mindesthonorare und Ausstellungshonorare für bildende Künstlerinnen und Künstler.,linke.txt,41223,purple,3.0,2584.0,0.0,512.0,Wir streiten für branchenspezifische Mindesthonorare und Ausstellungshonorare für bildende Künstlerinnen und Künstler.,1757.0,9128.0,"I.X Für eine vielfältige, partizipative und allen zugängliche Kultur","- Wir wollen die Vergabe öffentlicher Fördermittel an eine gute, existenzsichernde Vergütung, gute Arbeitsbedingungen und Gendergerechtigkeit koppeln. Wir streiten für branchenspezifische Mindesthonorare und Ausstellungshonorare für bildende Künstlerinnen und Künstler. Wir unterstützen den Erhalt von Ensemble-Theatern, damit Theater konstante politische Akteure in der Stadtgesellschaft bleiben können."," Wir unterstützen den Erhalt von Ensemble-Theatern, damit Theater konstante politische Akteure in der Stadtgesellschaft bleiben können.","- Wir wollen die Vergabe öffentlicher Fördermittel an eine gute, existenzsichernde Vergütung, gute Arbeitsbedingungen und Gendergerechtigkeit koppeln. ",FALSE
0.0,LINKE,Wir wollen die Unterbringung von Geflüchteten in Massenunterkünften beenden und dezentral organisieren.,linke.txt,41223,purple,3.0,2459.0,0.0,387.0,Wir wollen die Unterbringung von Geflüchteten in Massen unte rkünften beenden und dezentral organisieren.,1388.0,8759.0,Verdrängung und Gentrifizierung stoppen,- Geflüchtete dürfen nicht zum Sündenbock für die Mängel der Wohnungspolitik gemacht werden. In einer sozialen Offensive für alle können wir gutes Wohnen für alle schaffen. Wir wollen die Unterbringung von Geflüchteten in Massen unte rkünften beenden und dezentral organisieren.,,- Geflüchtete dürfen nicht zum Sündenbock für die Mängel der Wohnungspolitik gemacht werden. In einer sozialen Offensive für alle können wir gutes Wohnen für alle schaffen. ,FALSE
0.0,LINKE,Wir bekämpfen Massenerwerbslosigkeit und schaffen neue Arbeitsplätze in kurzer Vollzeit.,linke.txt,41223,purple,3.0,2100.0,0.0,28.0,Wir bekämpfen Massenerwerbslosigkeit und schaffen neue Arbeitsplätze in kurzer Vollzeit.,185.0,7556.0,"Eine Zukunft, für die es sich zu kämpfen lohnt.","- Wir haben ein Programm für die Zukunft , das sich am Bedarf und den Bedürfnissen der Menschen rientiert – weg mit der Politik von Schuldenbremse und ""Schwarzer Null"": Wir investieren in Bildung und Gesundheit, in mehr Personal in Pflege und Erziehung, in sozialen Wohnungsbau. Wir investieren in erneuerbare Energien, öffentlichen Nahverkehr, schnelle Internetverbindungen und in Barrierefreiheit. Wir schaffen einen sozialen und ökologischen Umbau der Wirtschaft. Wir bekämpfen Massenerwerbslosigkeit und schaffen neue Arbeitsplätze in kurzer Vollzeit.",,"- Wir haben ein Programm für die Zukunft , das sich am Bedarf und den Bedürfnissen der Menschen rientiert – weg mit der Politik von Schuldenbremse und ""Schwarzer Null"": Wir investieren in Bildung und Gesundheit, in mehr Personal in Pflege und Erziehung, in sozialen Wohnungsbau. Wir investieren in erneuerbare Energien, öffentlichen Nahverkehr, schnelle Internetverbindungen und in Barrierefreiheit. Wir schaffen einen sozialen und ökologischen Umbau der Wirtschaft. ",FALSE
0.0,LINKE,"Wir wollen Entwicklung, Produktion und Distribution demokratisieren: Dazu gehören Open Innovation-Programme.",linke.txt,41223,purple,3.0,2788.0,0.0,716.0,"Wir wollen Entwicklung, Produktion und Distribution demokratisieren: Dazu gehören Open Innovation-Programme.",2343.0,9714.0,Wirtschaft demokratisieren,"DIE LINKE kämpft dafür, Unternehmen der Daseinsvorsorge, Banken und Versicherungen, Energiekonzerne, Unternehmen der Pharma- und medizinischen Industrie, der Post, der Telekommunikationsinfrastruktur sowie weiterer Schlüsselindustrien in öffentliche (oder genossenschaftliche) Hand und in gesellschaftliche Eigentumsformen zu überführen. Wir wollen die großen Stromkonzerne entmachten und in öffentliches Eigentum überführen. Die Energiewirtschaft soll durch Stadtwerke organisiert werden, die in den Kommunen dezentral und demokratisch gestaltet werden. Überwachungstechnologien und privatwirtschaftliche Monopole über Wissen nehmen zu. Damit der technologische Fortschritt zum Wohle aller Menschen und zur Entwicklung einer ökologisch nachhaltigen Wirtschaftsweise eingesetzt werden kann, ist eine umfassende Demokratisierung der Wirtschaft erforderlich. Wir wollen Entwicklung, Produktion und Distribution demokratisieren: Dazu gehören Open Innovation-Programme. Standards müssen offengelegt werden und Patentmissbrauch, der Produktvielfalt verhindert, muss eingedämmt werden."," Standards müssen offengelegt werden und Patentmissbrauch, der Produktvielfalt verhindert, muss eingedämmt werden.","DIE LINKE kämpft dafür, Unternehmen der Daseinsvorsorge, Banken und Versicherungen, Energiekonzerne, Unternehmen der Pharma- und medizinischen Industrie, der Post, der Telekommunikationsinfrastruktur sowie weiterer Schlüsselindustrien in öffentliche (oder genossenschaftliche) Hand und in gesellschaftliche Eigentumsformen zu überführen. Wir wollen die großen Stromkonzerne entmachten und in öffentliches Eigentum überführen. Die Energiewirtschaft soll durch Stadtwerke organisiert werden, die in den Kommunen dezentral und demokratisch gestaltet werden. Überwachungstechnologien und privatwirtschaftliche Monopole über Wissen nehmen zu. Damit der technologische Fortschritt zum Wohle aller Menschen und zur Entwicklung einer ökologisch nachhaltigen Wirtschaftsweise eingesetzt werden kann, ist eine umfassende Demokratisierung der Wirtschaft erforderlich. ",FALSE
0.0,LINKE,"Wir leben in einem Land, in dem viele Menschen reich sind: Rund eine Million sind Millionäre.",linke.txt,41223,purple,3.0,2086.0,0.0,14.0,"Wir leben in einem Land, in dem viele Menschen reich sind: Rund eine Million sind Millionäre.",109.0,7480.0,Einführung,"Wir leben in einem Land, in dem viele Menschen arm sind. Die Schlangen an den Tafeln werden nicht nur am Monatsende immer länger. Mehr und mehr Kinder kommen ohne Frühstück in die Schule. Klassenfahrten sind oft eine finanzielle Herausforderung. Das solidarische Gewebe der Gesellschaft ist dünn geworden. Wir leben in einem Land, in dem viele Menschen reich sind: Rund eine Million sind Millionäre. Aber eine Vermögenssteuer wird nicht erhoben.", Aber eine Vermögenssteuer wird nicht erhoben.,"Wir leben in einem Land, in dem viele Menschen arm sind. Die Schlangen an den Tafeln werden nicht nur am Monatsende immer länger. Mehr und mehr Kinder kommen ohne Frühstück in die Schule. Klassenfahrten sind oft eine finanzielle Herausforderung. Das solidarische Gewebe der Gesellschaft ist dünn geworden. ",FALSE
0.0,LINKE,Wir treten für eine radikale Wende der deutschen und europäischen Türkeipolitik ein.,linke.txt,41223,purple,3.0,3032.0,0.0,960.0,Wir treten für eine radikale Wende der deutschen und europäischen Türkeipolitik ein.,2999.0,10370.0,Für eine europäische Friedens- und Entspannungspolitik,"DIE LINKE wendet sich dagegen, EU-Beitrittsverhandlungen mit autoritären Regimen wie im Falle der Türkei zu intensivieren. Wir treten für eine radikale Wende der deutschen und europäischen Türkeipolitik ein. Wir stehen an der Seite der Demokraten in der Türkei und fordern einen sofortigen Stopp der Rüstungsexporte und der Lieferungen von Rüstungsfabriken. DIE LINKE setzt sich für die Freilassung der politischen Gefangenen in der Türkei ein und steht allen Versuchen, dem türkischen Staatspräsidenten Erdogan unter die Arme zu greifen, wie mit einer Erweiterung der Zollunion, entgegen."," Wir stehen an der Seite der Demokraten in der Türkei und fordern einen sofortigen Stopp der Rüstungsexporte und der Lieferungen von Rüstungsfabriken. DIE LINKE setzt sich für die Freilassung der politischen Gefangenen in der Türkei ein und steht allen Versuchen, dem türkischen Staatspräsidenten Erdogan unter die Arme zu greifen, wie mit einer Erweiterung der Zollunion, entgegen.","DIE LINKE wendet sich dagegen, EU-Beitrittsverhandlungen mit autoritären Regimen wie im Falle der Türkei zu intensivieren. ",FALSE
0.0,LINKE,"Wir lehnen eine Einwanderungs- und Integrationspolitik ab, die Rechte danach vergibt, ob Menschen den richtigen Pass haben oder als ""nützlich"" für Unternehmen gelten.",linke.txt,41223,purple,3.0,3188.0,0.0,1116.0,"Wir lehnen eine Einwanderungs- und Integrationspolitik ab, die Rechte danach vergibt, ob Menschen den richtigen Pass haben oder als ""nützlich"" für Unternehmen gelten.",3417.0,10788.0,Gleiche Rechte für Migrantinnen und Migranten!,"DIE LINKE tritt für eine weltoffene Gesellschaft und ein respektvolles Miteinander ein. Wir wollen der Verschiedenheit aller Menschen Anerkennung verschaffen. Alle in Deutschland müssen die gleichen Rechte haben. Wir lehnen eine Einwanderungs- und Integrationspolitik ab, die Rechte danach vergibt, ob Menschen den richtigen Pass haben oder als ""nützlich"" für Unternehmen gelten. Quoten, Kontingente und Punktesysteme lehnen wir deshalb ab."," Quoten, Kontingente und Punktesysteme lehnen wir deshalb ab.",DIE LINKE tritt für eine weltoffene Gesellschaft und ein respektvolles Miteinander ein. Wir wollen der Verschiedenheit aller Menschen Anerkennung verschaffen. Alle in Deutschland müssen die gleichen Rechte haben. ,FALSE
0.0,LINKE,"Wir fordern, dass Daten und Informationen, die von Regierungen mit öffentlichen Geldern gesammelt und erstellt wurden, allen Menschen frei zugänglich und nutzbar gemacht werden.",linke.txt,41223,purple,3.0,3299.0,0.0,1227.0,"Wir fordern, dass Daten und Informationen, die von Regierungen mit öffentlichen Geldern gesammelt und erstellt wurden, allen Menschen frei zugänglich und nutzbar gemacht werden.",3690.0,11061.0,"Für ein offenes und freies Internet: solidarisches Handeln stärken, Überwachung beenden","In der digitalen Welt gilt es, den Zugang zu Informationen zu verteidigen. Wir fordern, dass Daten und Informationen, die von Regierungen mit öffentlichen Geldern gesammelt und erstellt wurden, allen Menschen frei zugänglich und nutzbar gemacht werden. Die so geschaffenen ""offenen Daten"" (Open Data) können ein Beitrag zu einer Öffnung und Demokratisierung von Verwaltung sein. Dabei muss selbstverständlich der Datenschutz berücksichtigt werden. Wir wollen, dass die Nutzerinnen und Nutzer sich im Internet frei informieren, weiterbilden, äußern und partizipieren können. Wir wollen die offene Architektur des Netzes bewahren und so sein Potenzial für Innovation und Entwicklung fördern. Dazu gehört für uns, die Netzneutralität abzusichern. Um Netzneutralität und gute Versorgung sicher zu stellen, sollen die Telekommunikationsnetze in öffentliches und gemeinwirtschaftliches Eigentum überführt werden.Die Glasfaserinfrastruktur wollen wir rasch und flächendeckend ausbauen (vgl. Kapitel VI ""In die Zukunft investieren""). Wir unterstützen Open Content-Lizenzen, die sich an Grundwerten von Offenheit und Teilhabe orientieren."," Die so geschaffenen ""offenen Daten"" (Open Data) können ein Beitrag zu einer Öffnung und Demokratisierung von Verwaltung sein. Dabei muss selbstverständlich der Datenschutz berücksichtigt werden. Wir wollen, dass die Nutzerinnen und Nutzer sich im Internet frei informieren, weiterbilden, äußern und partizipieren können. Wir wollen die offene Architektur des Netzes bewahren und so sein Potenzial für Innovation und Entwicklung fördern. Dazu gehört für uns, die Netzneutralität abzusichern. Um Netzneutralität und gute Versorgung sicher zu stellen, sollen die Telekommunikationsnetze in öffentliches und gemeinwirtschaftliches Eigentum überführt werden.Die Glasfaserinfrastruktur wollen wir rasch und flächendeckend ausbauen (vgl. Kapitel VI ""In die Zukunft investieren""). Wir unterstützen Open Content-Lizenzen, die sich an Grundwerten von Offenheit und Teilhabe orientieren.","In der digitalen Welt gilt es, den Zugang zu Informationen zu verteidigen. ",FALSE
0.0,LINKE,Wir wollen die Verhandlungsposition von Beschäftigten und Gewerkschaften verbessern.,linke.txt,41223,purple,3.0,2130.0,0.0,58.0,Wir wollen die Verhandlungsposition von Beschäftigten und Gewerkschaften verbessern.,311.0,7682.0,Höhere Löhne statt steigender Rendite,Die Bundesregierung hat nichts gegen die Tarifflucht der Unternehmen getan. Wir wollen die Verhandlungsposition von Beschäftigten und Gewerkschaften verbessern. Die Arbeitgeberseite kann gegen die Allgemeinverbindlichkeit von Tarifverträgen ein Veto einlegen. Das wollen wir abschaffen., Die Arbeitgeberseite kann gegen die Allgemeinverbindlichkeit von Tarifverträgen ein Veto einlegen. Das wollen wir abschaffen.,Die Bundesregierung hat nichts gegen die Tarifflucht der Unternehmen getan. ,FALSE
0.0,LINKE,Wir wollen gute Arbeitsbedingungen und Gendergerechtigkeit für Medien- und Filmemacherinnen und -macher.,linke.txt,41223,purple,3.0,3277.0,0.0,1205.0,Wir wollen gute Arbeitsbedingungen und Gendergerechtigkeit für Medien- und Filmemacherinnen und -macher.,3635.0,11006.0,Demokratisierung der Medien,"Eine Anpassung des Urheberrechts an die veränderten Bedingungen der Verbreitung von Musik, Texten, Bildern und Filmen sowie bei Bildung, Forschung und Wissenschaft im digitalen Zeitalter ist dringend erforderlich. Im Kampf um ein modernes Patent- und Urheberrecht geht es darum, Wissen produktiv weiterverwenden zu dürfen und das Recht auf Nutzung mit den Rechten der Schöpferinnen und Schöpfer geistiger Werke solidarisch in Einklang zu bringen. Wir wollen gute Arbeitsbedingungen und Gendergerechtigkeit für Medien- und Filmemacherinnen und -macher.",,"Eine Anpassung des Urheberrechts an die veränderten Bedingungen der Verbreitung von Musik, Texten, Bildern und Filmen sowie bei Bildung, Forschung und Wissenschaft im digitalen Zeitalter ist dringend erforderlich. Im Kampf um ein modernes Patent- und Urheberrecht geht es darum, Wissen produktiv weiterverwenden zu dürfen und das Recht auf Nutzung mit den Rechten der Schöpferinnen und Schöpfer geistiger Werke solidarisch in Einklang zu bringen. ",FALSE
0.0,SPD,Wir stehen für ein wissenschafts- und bildungsfreundliches Urheberrecht.,spd.txt,41320,red,2.0,3947.0,0.0,601.0,Wir stehen für ein wissenschafts- und bildungsfreundliches Urheberrecht.,2090.0,13273.0,Urheberrecht im Zeitalter der Digitalisierung:,"Das geistige Eigentum ist der Rohstoff der Kultur- und Kreativwirtschaft. Fast alles, was wir im Internet tun, ist mit urheberrechtlichen Handlungen verbunden – kopieren, wiedergeben, veröffentlichen. Wir werden die Situation der Urheberinnen und Urheber verbessern und einen gerechten Interessenausgleich mit den Verwertern suchen. Wir wollen Vergütung, keine Verbote. Dazu soll auch das Prinzip der pauschalen Vergütung auf diejenigen ausgeweitet werden, die mit der Vermarktung von kreativen Leistungen im Internet Geld verdienen – beispielsweise Online-Plattformen. Viele Nutzerinnen und Nutzer im Internet produzieren selbst Inhalte und werden damit ebenfalls zu Urhebern. Daher müssen wir die berechtigten Interessen der Nutzerinnen und Nutzer verstärkt berücksichtigen. Wir stehen für ein wissenschafts- und bildungsfreundliches Urheberrecht. Autorinnen und Autoren und Verlage sind angemessen zu vergüten. Dafür müssen die Rahmenbedingungen angepasst werden. Zudem brauchen wir auch eine klare gesetzliche Regelung für den Verleih von e-Books, damit die Bibliotheken ihren wichtigen Informations- und Bildungsauftrag auch in Zukunft erfüllen können."," Autorinnen und Autoren und Verlage sind angemessen zu vergüten. Dafür müssen die Rahmenbedingungen angepasst werden. Zudem brauchen wir auch eine klare gesetzliche Regelung für den Verleih von e-Books, damit die Bibliotheken ihren wichtigen Informations- und Bildungsauftrag auch in Zukunft erfüllen können.","Das geistige Eigentum ist der Rohstoff der Kultur- und Kreativwirtschaft. Fast alles, was wir im Internet tun, ist mit urheberrechtlichen Handlungen verbunden – kopieren, wiedergeben, veröffentlichen. Wir werden die Situation der Urheberinnen und Urheber verbessern und einen gerechten Interessenausgleich mit den Verwertern suchen. Wir wollen Vergütung, keine Verbote. Dazu soll auch das Prinzip der pauschalen Vergütung auf diejenigen ausgeweitet werden, die mit der Vermarktung von kreativen Leistungen im Internet Geld verdienen – beispielsweise Online-Plattformen. Viele Nutzerinnen und Nutzer im Internet produzieren selbst Inhalte und werden damit ebenfalls zu Urhebern. Daher müssen wir die berechtigten Interessen der Nutzerinnen und Nutzer verstärkt berücksichtigen. ",FALSE
0.0,SPD,"Wir werden dafür sorgen, dass die Regelaltersgrenze gesund und leistungsfähig erreicht werden kann.",spd.txt,41320,red,2.0,3595.0,0.0,249.0,"Wir werden dafür sorgen, dass die Regelaltersgrenze gesund und leistungsfähig erreicht werden kann.",919.0,12102.0,Ein neuer Generationenvertrag: den Wert der Arbeit und die Würde im Alter sichern,"- Keine Anhebung der jetzigen Regelaltersgrenze. Wir werden dafür sorgen, dass die Regelaltersgrenze gesund und leistungsfähig erreicht werden kann.",,- Keine Anhebung der jetzigen Regelaltersgrenze. ,FALSE
0.0,SPD,"Wir fördern wichtige Programme wie „Soziale Stadt"" oder „Demokratie leben"", die Stadtentwicklung, Sicherheit, Stärkung unserer Demokratie, Engagement und Hilfe für Jung und Alt verbinden.",spd.txt,41320,red,2.0,3647.0,0.0,301.0,"Wir fördern wichtige Programme wie „Soziale Stadt"" oder „Demokratie leben"", die Stadtentwicklung, Sicherheit, Stärkung unserer Demokratie, Engagement und Hilfe für Jung und Alt verbinden.",1020.0,12203.0,Vorfahrt für Investitionen:,"- Zusammenhalt jetzt und in Zukunft. Wir fördern wichtige Programme wie „Soziale Stadt"" oder „Demokratie leben"", die Stadtentwicklung, Sicherheit, Stärkung unserer Demokratie, Engagement und Hilfe für Jung und Alt verbinden. Das dient dem sozialen Zusammenhalt.", Das dient dem sozialen Zusammenhalt.,- Zusammenhalt jetzt und in Zukunft. ,FALSE
0.0,SPD,Wir wollen die verschulten Berufe möglichst bald in das duale System mit Ausbildungsvergütung und Schulgeldfreiheit beziehungsweise in duale Studiengänge überführen.,spd.txt,41320,red,2.0,3870.0,0.0,524.0,Wir wollen die verschulten Berufe möglichst bald in das duale System mit Ausbildungsvergütung und Schulgeldfreiheit beziehungsweise in duale Studiengänge überführen.,1809.0,12992.0,Benachteiligung von Frauen auf dem Arbeitsmarkt beenden:,"Dazu gehört auch, dass die Lohnungleichheit zwischen Frauen und Männern beendet wird. Frauen erhalten im Durchschnitt 21 Prozent weniger Lohn als Männer. Wir haben in einem ersten Schritt mit einem Transparenzgesetz dieser Lohnungerechtigkeit den Kampf angesagt. Daneben werden wir gemeinsam mit den Tarifpartnern die sozialen Berufe aufwerten, in denen vor allem Frauen arbeiten. Dazu zählen die Berufsfelder Gesundheit, Pflege, Betreuung und frühkindliche Bildung. Wir wollen die verschulten Berufe möglichst bald in das duale System mit Ausbildungsvergütung und Schulgeldfreiheit beziehungsweise in duale Studiengänge überführen.",,"Dazu gehört auch, dass die Lohnungleichheit zwischen Frauen und Männern beendet wird. Frauen erhalten im Durchschnitt 21 Prozent weniger Lohn als Männer. Wir haben in einem ersten Schritt mit einem Transparenzgesetz dieser Lohnungerechtigkeit den Kampf angesagt. Daneben werden wir gemeinsam mit den Tarifpartnern die sozialen Berufe aufwerten, in denen vor allem Frauen arbeiten. Dazu zählen die Berufsfelder Gesundheit, Pflege, Betreuung und frühkindliche Bildung. ",FALSE
0.0,SPD,Wir wollen mit Bundesmitteln die neuen wirtschaftlichen Aktivitäten in den betroffenen Regionen zusammenführen.,spd.txt,41320,red,2.0,3510.0,0.0,164.0,Wir wollen mit Bundesmitteln die neuen wirtschaftlichen Aktivitäten in den betroffenen Regionen zusammenführen.,637.0,11820.0,"Handwerk, Mittelstand und industrielle Basis stärken:","Der Strukturwandel in der Energiewirtschaft wird sich fortsetzen. Ganz besondere Herausforderungen sind in den bisher durch die Braunkohle geprägten Regionen in der Lausitz, im Mitteldeutschen wie auch im Rheinischen Revier zu bewältigen. Hier müssen regionalwirtschaftliche Strukturen auf- und ausgebaut werden, die an die industrielle Tradition dieser Regionen anknüpfen und gute, tarifvertraglich gesicherte Arbeit fördern. Wir werden diese Herausforderung gemeinsam mit den Ländern, den betroffenen Regionen, den Gewerkschaften, den Unternehmen und den Bürgerinnen und Bürgern angehen. Dabei hilft uns die fortschreitende Energiewende. Es werden in großem Umfang neue Technologien – Speicher und Batterien, Entwicklungszentren für Materialien und Prozesstechnik – benötigt. Wir wollen mit Bundesmitteln die neuen wirtschaftlichen Aktivitäten in den betroffenen Regionen zusammenführen.",,"Der Strukturwandel in der Energiewirtschaft wird sich fortsetzen. Ganz besondere Herausforderungen sind in den bisher durch die Braunkohle geprägten Regionen in der Lausitz, im Mitteldeutschen wie auch im Rheinischen Revier zu bewältigen. Hier müssen regionalwirtschaftliche Strukturen auf- und ausgebaut werden, die an die industrielle Tradition dieser Regionen anknüpfen und gute, tarifvertraglich gesicherte Arbeit fördern. Wir werden diese Herausforderung gemeinsam mit den Ländern, den betroffenen Regionen, den Gewerkschaften, den Unternehmen und den Bürgerinnen und Bürgern angehen. Dabei hilft uns die fortschreitende Energiewende. Es werden in großem Umfang neue Technologien – Speicher und Batterien, Entwicklungszentren für Materialien und Prozesstechnik – benötigt. ",FALSE
0.0,SPD,Wir unterstützen ihre Annäherung an die EU und schenken der Entwicklung von Demokratie und Rechtsstaatlichkeit besondere Aufmerksamkeit.,spd.txt,41320,red,2.0,3987.0,0.0,641.0,Wir unterstützen ihre Annäherung an die EU und schenken der Entwicklung von Demokratie und Rechtsstaatlichkeit besondere Aufmerksamkeit.,2231.0,13414.0,Friedensprojekt Europa:,"Die EU-Erweiterungspolitik bleibt wichtig, um Frieden, Stabilität und Zusammenarbeit zu fördern. Zugleich muss die EU durch innere Reformen ihre Handlungsfähigkeit sicherstellen. Alle Länder des westlichen Balkan haben eine Beitrittsperspektive. Wir unterstützen ihre Annäherung an die EU und schenken der Entwicklung von Demokratie und Rechtsstaatlichkeit besondere Aufmerksamkeit.",,"Die EU-Erweiterungspolitik bleibt wichtig, um Frieden, Stabilität und Zusammenarbeit zu fördern. Zugleich muss die EU durch innere Reformen ihre Handlungsfähigkeit sicherstellen. Alle Länder des westlichen Balkan haben eine Beitrittsperspektive. ",FALSE
0.0,SPD,"Wir möchten insbesondere die Arbeitnehmerinnen und Arbeitnehmer verstärkt unterstützen, die ein sehr geringes Einkommen haben.",spd.txt,41320,red,2.0,3662.0,0.0,316.0,"Wir möchten insbesondere die Arbeitnehmerinnen und Arbeitnehmer verstärkt unterstützen, die ein sehr geringes Einkommen haben.",1066.0,12249.0,Unsere Entlastung von niedrigen Einkommen:,"Wir möchten insbesondere die Arbeitnehmerinnen und Arbeitnehmer verstärkt unterstützen, die ein sehr geringes Einkommen haben. Sie zahlen nur geringe oder gar keine Einkommenssteuer, sind aber besonders belastet durch Sozialabgaben. Viele Frauen, gerade Alleinerziehende, arbeiten in Teilzeit. Daher führen wir eine Beitragsentlastung für Arbeitnehmerinnen und Arbeitnehmer ein, die zwischen 451 Euro und 1300 Euro verdienen, so dass der Arbeitnehmerbeitrag zu den Sozialversicherungen in dieser Zone nur allmählich ansteigt. Anders als bei der aktuellen Regelung für Beschäftigungsverhältnisse zwischen 451 Euro und 850 Euro, sollen die Arbeitnehmerinnen und Arbeitnehmer aber gleichwohl die vollen Rentenansprüche erwerben, die sie bei einem nicht reduzierten Arbeitnehmerbeitrag erwerben würden. Deshalb wird den Sozialversicherungen das entfallende Beitragsaufkommen aus Haushaltsmitteln erstattet, um die vollen Leistungen bei Rente, Gesundheit, Pflege und Arbeitslosigkeit zu garantieren."," Sie zahlen nur geringe oder gar keine Einkommenssteuer, sind aber besonders belastet durch Sozialabgaben. Viele Frauen, gerade Alleinerziehende, arbeiten in Teilzeit. Daher führen wir eine Beitragsentlastung für Arbeitnehmerinnen und Arbeitnehmer ein, die zwischen 451 Euro und 1300 Euro verdienen, so dass der Arbeitnehmerbeitrag zu den Sozialversicherungen in dieser Zone nur allmählich ansteigt. Anders als bei der aktuellen Regelung für Beschäftigungsverhältnisse zwischen 451 Euro und 850 Euro, sollen die Arbeitnehmerinnen und Arbeitnehmer aber gleichwohl die vollen Rentenansprüche erwerben, die sie bei einem nicht reduzierten Arbeitnehmerbeitrag erwerben würden. Deshalb wird den Sozialversicherungen das entfallende Beitragsaufkommen aus Haushaltsmitteln erstattet, um die vollen Leistungen bei Rente, Gesundheit, Pflege und Arbeitslosigkeit zu garantieren.",,FALSE
0.0,SPD,Wir setzen uns auch weiterhin für eine Absicherung der kommunalen Daseinsvorsorge im europäischen Binnenmarkt und bei Freihandelsabkommen ein.,spd.txt,41320,red,2.0,3520.0,0.0,174.0,Wir setzen uns auch weiterhin für eine Absicherung der kommunalen Daseinsvorsorge im europäischen Binnenmarkt und bei Freihandelsabkommen ein.,677.0,11860.0,Innovationen und Gründergeist:,Wir setzen uns auch weiterhin für eine Absicherung der kommunalen Daseinsvorsorge im europäischen Binnenmarkt und bei Freihandelsabkommen ein.,,,FALSE
0.0,SPD,Wir stehen weiterhin zu dem Prinzip der Mehrstaatigkeit.,spd.txt,41320,red,2.0,3909.0,0.0,563.0,Wir stehen weiterhin zu dem Prinzip der Mehrstaatigkeit.,1960.0,13143.0,Integration und Teilhabe – die deutsche Einwanderungsgesellschaft gestalten:,"Ein modernes Staatsangehörigkeitsrecht ist eine wesentliche Voraussetzung für Integration. Wir setzen uns weiterhin für die Akzeptanz von Mehrstaatigkeit für in Deutschland geborene Kinder ausländischer Eltern sowie bei Einbürgerungen ein. Für in Deutschland geborene Kinder ausländischer Eltern haben wir die Optionspflicht abgeschafft. Wir stehen weiterhin zu dem Prinzip der Mehrstaatigkeit. Gilt dieses Prinzip in der Einbürgerungspraxis in Deutschland, wollen wir durch bilaterale Abkommen mit anderen Staaten die wechselseitige Akzeptanz stärken und prüfen, inwiefern der Vorschlag des Sachverständigenrates Deutscher Stiftungen für Integration und Migration für ein modernes Staatsangehörigkeitsrecht umsetzbar ist."," Gilt dieses Prinzip in der Einbürgerungspraxis in Deutschland, wollen wir durch bilaterale Abkommen mit anderen Staaten die wechselseitige Akzeptanz stärken und prüfen, inwiefern der Vorschlag des Sachverständigenrates Deutscher Stiftungen für Integration und Migration für ein modernes Staatsangehörigkeitsrecht umsetzbar ist.",Ein modernes Staatsangehörigkeitsrecht ist eine wesentliche Voraussetzung für Integration. Wir setzen uns weiterhin für die Akzeptanz von Mehrstaatigkeit für in Deutschland geborene Kinder ausländischer Eltern sowie bei Einbürgerungen ein. Für in Deutschland geborene Kinder ausländischer Eltern haben wir die Optionspflicht abgeschafft. ,FALSE
0.0,SPD,"Wir stärken die gute Beratungs- und Präventionsstruktur vor Ort und sorgen frühzeitig dafür, dass sich junge Menschen in unserem Land nicht radikalisieren.",spd.txt,41320,red,2.0,3796.0,0.0,450.0,"Wir stärken die gute Beratungs- und Präventionsstruktur vor Ort und sorgen frühzeitig dafür, dass sich junge Menschen in unserem Land nicht radikalisieren.",1538.0,12721.0,Terrorabwehr – mehr grenzübergreifende Zusammenarbeit und Prävention:,"Mit den vielen nicht-radikalen Moscheegemeinden und islamischen Verbänden werden wir weiter zusammenarbeiten. Wir stärken die gute Beratungs- und Präventionsstruktur vor Ort und sorgen frühzeitig dafür, dass sich junge Menschen in unserem Land nicht radikalisieren. Hasspropaganda im Netz werden wir durch alternative Botschaften entgegentreten.", Hasspropaganda im Netz werden wir durch alternative Botschaften entgegentreten.,Mit den vielen nicht-radikalen Moscheegemeinden und islamischen Verbänden werden wir weiter zusammenarbeiten. ,FALSE
